key,tr,en,ko,ar
chapter.chapterFour1,BÃ–LÃœM 4,Chapter 4,ì±•í„° 4,Ø§Ù„ÙØµÙ„ Ù¤
chapter.chapterFour2,BÃ¶lÃ¼m 4: Guardians of the Car,Chapter 4: Guardians of the Car,ì±•í„° 4: Guardians of the Car,Ø§Ù„ÙØµÙ„ Ù¤: Ø­Ø±Ø§Ø³ Ø§Ù„Ø³ÙŠØ§Ø±Ø§Øª
chapter.chapterFour3,"GOCARâ€™Ä±n yapay zekasÄ± ve hizmetleriyle, trafik kazalarÄ± geÃ§miÅŸte kalÄ±r ve sÃ¼rÃ¼cÃ¼ler gerÃ§ek gÃ¼venliÄŸi deneyimler. GOCARâ€™Ä±n vizyonunu benimseyenler, Guardians of the Car olarak anÄ±lmaya baÅŸlar.","With GOCAR's AI and services, traffic accidents become a thing of the past, and drivers experience true safety. Those who embraced GOCAR's vision became known as the Guardians of the Car. The Frog gazes at the sky and whispers, â€œThis world is for you, my son.â€","GOCARì˜ AIì™€ ì„œë¹„ìŠ¤ê°€ ë„ì…ë˜ë©´ì„œ êµí†µì‚¬ê³ ëŠ” ê³¼ê±°ì˜ ì¼ì´ ë˜ì—ˆê³ , ìš´ì „ìë“¤ì€ ì§„ì •í•œ ì•ˆì „ì„ ê²½í—˜í•˜ê²Œ ë©ë‹ˆë‹¤.",Ø¨ÙØ¶Ù„ Ø°ÙƒØ§Ø¡ GOCAR Ø§Ù„Ø§ØµØ·Ù†Ø§Ø¹ÙŠ ÙˆØ®Ø¯Ù…Ø§ØªÙ‡ØŒ Ø£ØµØ¨Ø­Øª Ø­ÙˆØ§Ø¯Ø« Ø§Ù„Ù…Ø±ÙˆØ± Ø´ÙŠØ¦Ù‹Ø§ Ù…Ù† Ø§Ù„Ù…Ø§Ø¶ÙŠØŒ ÙˆØ£ØµØ¨Ø­ Ø§Ù„Ø³Ø§Ø¦Ù‚ÙˆÙ† ÙŠØ¹ÙŠØ´ÙˆÙ† ØªØ¬Ø±Ø¨Ø© Ø§Ù„Ø£Ù…Ø§Ù† Ø§Ù„Ø­Ù‚ÙŠÙ‚ÙŠ.
chapter.chapterMenu1,BÃ¶lÃ¼m 1,Chapter 1,ì±•í„° 1,Ø§Ù„ÙØµÙ„ Ù¡
chapter.chapterMenu2,BÃ¶lÃ¼m 2,Chapter 2,ì±•í„° 2,Ø§Ù„ÙØµÙ„ Ù¢
chapter.chapterMenu3,BÃ¶lÃ¼m 3,Chapter 3,ì±•í„° 3,Ø§Ù„ÙØµÙ„ Ù£
chapter.chapterMenu4,BÃ¶lÃ¼m 4,Chapter 4,ì±•í„° 4,Ø§Ù„ÙØµÙ„ Ù¤
chapter.chapterOne1,BÃ–LÃœM 1,CHAPTER 1,ì±•í„° 1,Ø§Ù„ÙØµÙ„ Ù¡
chapter.chapterOne2,"BÃ¶lÃ¼m 1: Trajik Bir KayÄ±p, Yeni Bir GÃ¶rev","Chapter 1 : A Tragic Loss, A New Mission",ì±•í„° 1: ë¹„ê·¹ì—ì„œ ì‹œì‘ëœ ìƒˆë¡œìš´ ì‚¬ëª…,Ø§Ù„ÙØµÙ„ Ù¡: Ø®Ø³Ø§Ø±Ø© Ù…Ø£Ø³Ø§ÙˆÙŠØ©ØŒ ÙˆÙ…Ù‡Ù…Ø© Ø¬Ø¯ÙŠØ¯Ø©
chapter.chapterOne3,"KurbaÄŸa, sevgili oÄŸluyla mutlu bir hayat yaÅŸÄ±yordu. Ancak bir gÃ¼n, trajik bir trafik kazasÄ± oÄŸlunu ondan aldÄ±.","The Frog lived a joyful life with his beloved son. But one day, a tragic car accident took his son away. With over a million lives lost to traffic accidents each year, The Frog vowed, ""No one should ever experience this pain again.""","ê°œêµ¬ë¦¬ëŠ” ì‚¬ë‘í•˜ëŠ” ì•„ë“¤ê³¼ í–‰ë³µí•œ ë‚˜ë‚ ì„ ë³´ë‚´ê³  ìˆì—ˆìŠµë‹ˆë‹¤. í•˜ì§€ë§Œ ì–´ëŠ ë‚ , ê°‘ì‘ìŠ¤ëŸ¬ìš´ ì°¨ ì‚¬ê³ ë¡œ ì•„ë“¤ì„ ìƒê³  ë§™ë‹ˆë‹¤. ë§¤ë…„ 100ë§Œ ëª… ì´ìƒì´ êµí†µì‚¬ê³ ë¡œ ì„¸ìƒì„ ë– ë‚˜ëŠ” í˜„ì‹¤ ì†ì—ì„œ, ê°œêµ¬ë¦¬ëŠ” ê²°ì‹¬í•©ë‹ˆë‹¤. ""ì´ì œ ë” ì´ìƒ ì•„ë¬´ë„ ë‚˜ì²˜ëŸ¼ ê³ í†µë°›ì§€ ì•Šê²Œ í•˜ê² ë‹¤.""",Ø¹Ø§Ø´ Ø§Ù„Ø¶ÙØ¯Ø¹ Ø­ÙŠØ§Ø© Ø³Ø¹ÙŠØ¯Ø© Ù…Ø¹ Ø§Ø¨Ù†Ù‡ Ø§Ù„Ø­Ø¨ÙŠØ¨. ÙˆÙ„ÙƒÙ† ÙÙŠ ÙŠÙˆÙ… Ù…Ù† Ø§Ù„Ø£ÙŠØ§Ù…ØŒ Ø£Ø®Ø° Ø­Ø§Ø¯Ø« Ø³ÙŠØ§Ø±Ø© Ù…Ø£Ø³Ø§ÙˆÙŠ Ø§Ø¨Ù†Ù‡ Ø¨Ø¹ÙŠØ¯Ù‹Ø§ Ø¹Ù†Ù‡.
chapter.chapterThree1,BÃ–LÃœM 3,CHAPTER 3,ì±•í„° 3,Ø§Ù„ÙØµÙ„ Ù£
chapter.chapterThree2,BÃ¶lÃ¼m 3: Mobilite Devrimi â€“ Guardians of the Car,Chapter 3: The Revolution of Mobility â€“ Guardians of the Car,ì±•í„° 3: ëª¨ë¹Œë¦¬í‹° í˜ëª… â€“ Guardians of the Car,Ø§Ù„ÙØµÙ„ Ù£: Ø«ÙˆØ±Ø© Ø§Ù„ØªÙ†Ù‚Ù„ â€“ Ø­Ø±Ø§Ø³ Ø§Ù„Ø³ÙŠØ§Ø±Ø§Øª
chapter.chapterThree3,"Agent GOCAR, kazalarÄ±n Ã¶nlenmesindeki en bÃ¼yÃ¼k engelin bilgi dengesizliÄŸi olduÄŸunu fark eder. Bunu Ã§Ã¶zmek iÃ§in, Web3.0 tabanlÄ± Guardians of the Car mobilite aÄŸÄ±nÄ± kurar.","Agent GOCAR realizes that the greatest obstacle to accident prevention is the imbalance of information. To solve this, he establishes the Web3.0-based Guardians of the Car mobility network.","Agent GOCARëŠ” êµí†µì‚¬ê³  ì˜ˆë°©ì˜ ê°€ì¥ í° ì¥ì• ë¬¼ì´ ì •ë³´ì˜ ë¶ˆê· í˜•ì´ë¼ëŠ” ì‚¬ì‹¤ì„ ê¹¨ë‹«ê³ , Web3.0 ê¸°ë°˜ì˜ Guardians of the Car ëª¨ë¹Œë¦¬í‹° ë„¤íŠ¸ì›Œí¬ë¥¼ êµ¬ì¶•í•©ë‹ˆë‹¤.",ÙŠØ¯Ø±Ùƒ Ø§Ù„ÙˆÙƒÙŠÙ„ GOCAR Ø£Ù† Ø§Ù„Ø¹Ù‚Ø¨Ø© Ø§Ù„Ø£ÙƒØ¨Ø± Ø£Ù…Ø§Ù… Ù…Ù†Ø¹ Ø§Ù„Ø­ÙˆØ§Ø¯Ø« Ù‡ÙŠ Ø¹Ø¯Ù… ØªÙˆØ§Ø²Ù† Ø§Ù„Ù…Ø¹Ù„ÙˆÙ…Ø§Øª.
chapter.chapterThree4,"SÃ¼rÃ¼cÃ¼ler ve yayalar arasÄ±nda gerÃ§ek zamanlÄ± veri paylaÅŸÄ±mÄ±nÄ± mÃ¼mkÃ¼n kÄ±lan bu aÄŸ, ÅŸeffaf ve gÃ¼venilir bir mobilite ekosistemi oluÅŸturur. Bu sistem sayesinde herkes daha gÃ¼venli bir ulaÅŸÄ±m ortamÄ±na katkÄ±da bulunabilir ve Ã§abalarÄ± karÅŸÄ±lÄ±ÄŸÄ±nda Ã¶dÃ¼ller kazanabilir.","By enabling real-time data sharing between drivers and pedestrians, the network fosters a transparent and trustworthy mobility ecosystem. Through this system, anyone can contribute to a safer mobility environment and be rewarded for their efforts.","ì´ ë„¤íŠ¸ì›Œí¬ëŠ” ìš´ì „ìì™€ ë³´í–‰ì ê°„ì˜  ë°ì´í„°ë¥¼ ì‹¤ì‹œê°„ ê³µìœ í•˜ë©°, íˆ¬ëª…í•˜ê³  ì‹ ë¢°í•  ìˆ˜ ìˆëŠ” ëª¨ë¹Œë¦¬í‹° ìƒíƒœê³„ë¥¼ ì¡°ì„±í•©ë‹ˆë‹¤.",Ù„Ø­Ù„ Ù‡Ø°Ù‡ Ø§Ù„Ù…Ø´ÙƒÙ„Ø©ØŒ Ø£Ø³Ø³ Ø´Ø¨ÙƒØ© Ø­Ø±Ø§Ø³ Ø§Ù„Ø³ÙŠØ§Ø±Ø§Øª Ù„Ù„ØªÙ†Ù‚Ù„ Ø§Ù„Ù‚Ø§Ø¦Ù…Ø© Ø¹Ù„Ù‰ Web3.0.
chapter.chapterTwo1,BÃ–LÃœM 2,CHAPTER 2,ì±•í„° 2,Ø§Ù„ÙØµÙ„ Ù¢
chapter.chapterTwo2,BÃ¶lÃ¼m 2: Yapay Zeka Guardianâ€™Ä±n DoÄŸuÅŸu â€“ Agent GOCAR,Chapter 2: The Birth of the AI Guardian â€“ Agent GOCAR,ì±•í„° 2: AI ê°€ë””ì–¸ì˜ íƒ„ìƒ â€“ Agent GOCAR,Ø§Ù„ÙØµÙ„ Ù¢: ÙˆÙ„Ø§Ø¯Ø© Ø§Ù„Ø­Ø§Ø±Ø³ Ø§Ù„Ø°ÙƒÙŠ â€“ Ø§Ù„ÙˆÙƒÙŠÙ„ GOCAR
chapter.chapterTwo3,"Umutsuzluk iÃ§inde KurbaÄŸa, dahiliÄŸini keÅŸfeder ve trafik kazalarÄ±nÄ± Ã¶nlemeye adanmÄ±ÅŸ yapay zeka destekli bir guardian olan Agent GOCAR'Ä± geliÅŸtirir.","Amidst despair, the Frog awakens his genius and develops Agent GOCAR, an AI-powered guardian dedicated to preventing traffic accidents.","ì ˆë§ ì†ì—ì„œ ê°œêµ¬ë¦¬ëŠ” ì²œì¬ì ì¸ ëŠ¥ë ¥ì„ ê°ì„±í•˜ê³ , êµí†µì‚¬ê³ ë¥¼ ì˜ˆë°©í•˜ëŠ” AI Agent GOCAR ê°œë°œí•©ë‹ˆë‹¤. ì „ë°© ì‚¬ê³  ì•Œë¦¼, ì‹ í˜¸ ìœ„ë°˜/ì—­ì£¼í–‰ ì°¨ëŸ‰ ì•Œë¦¼, ë‚ ì”¨ë¡œ ì¸í•œ ë„ë¡œ ìœ„í—˜ ë¶„ì„ë“± ìš´ì „ìë“¤ì—ê²Œ í•„ìš”í•œ ê¸°ìˆ ì„ ì°½ì¡°í•˜ì˜€ìŠµë‹ˆë‹¤.",ÙˆØ³Ø· Ø§Ù„ÙŠØ£Ø³ØŒ Ø§Ø³ØªØ¹Ø§Ø¯ Ø§Ù„Ø¶ÙØ¯Ø¹ Ø¹Ø¨Ù‚Ø±ÙŠØªÙ‡ ÙˆØ·ÙˆØ± Ø§Ù„ÙˆÙƒÙŠÙ„ GOCARØŒ ÙˆÙ‡Ùˆ Ø­Ø§Ø±Ø³ Ù…Ø¯Ø¹ÙˆÙ… Ø¨Ø§Ù„Ø°ÙƒØ§Ø¡ Ø§Ù„Ø§ØµØ·Ù†Ø§Ø¹ÙŠ Ù…Ø®ØµØµ Ù„Ù…Ù†Ø¹ Ø­ÙˆØ§Ø¯Ø« Ø§Ù„Ù…Ø±ÙˆØ±.
chapter.chapterTwo4,"O, sÃ¼rÃ¼cÃ¼lere hayati gerÃ§ek zamanlÄ± uyarÄ±lar saÄŸlayan devrim niteliÄŸinde teknolojiler yaratÄ±r:",He creates groundbreaking technologies that provide drivers with essential real-time alerts:,"ëª¨ë…¸í´ì„ ì°©ìš©í•œ ê°œêµ¬ë¦¬ëŠ” í˜ì‹ ê°€ë¡œ ê±°ë“­ë‚˜ë©°, ìƒˆë¡œìš´ ë¯¸ë˜ë¥¼ ì„¤ê³„í•˜ê¸° ì‹œì‘í•©ë‹ˆë‹¤.",Ø§Ø¨ØªÙƒØ± ØªÙ‚Ù†ÙŠØ§Øª Ø«ÙˆØ±ÙŠØ© ØªÙ‚Ø¯Ù… Ù„Ù„Ø³Ø§Ø¦Ù‚ÙŠÙ† ØªÙ†Ø¨ÙŠÙ‡Ø§Øª Ø­ÙŠÙˆÙŠØ© ÙÙŠ Ø§Ù„ÙˆÙ‚Øª Ø§Ù„ÙØ¹Ù„ÙŠØŒ ÙˆÙ…Ù†Ù‡Ø§:
chapter.chapterTwo5,* Ã–nden Ã‡arpÄ±ÅŸma UyarÄ±larÄ±,* Forward Collision Warnings,,*  ØªØ­Ø°ÙŠØ±Ø§Øª Ø§Ù„Ø§ØµØ·Ø¯Ø§Ù… Ø§Ù„Ø£Ù…Ø§Ù…ÙŠ
chapter.chapterTwo6,* Trafik Ä°hlalleri ve Ters YÃ¶nde Giden AraÃ§lar Ä°Ã§in UyarÄ±lar,* Alerts for Traffic Violations & Wrong-Way Drivers,,*  ØªÙ†Ø¨ÙŠÙ‡Ø§Øª Ù„Ù…Ø®Ø§Ù„ÙØ§Øª Ø§Ù„Ù…Ø±ÙˆØ± ÙˆØ§Ù„Ø³Ø§Ø¦Ù‚ÙŠÙ† ÙÙŠ Ø§Ù„Ø§ØªØ¬Ø§Ù‡ Ø§Ù„Ø®Ø§Ø·Ø¦
chapter.chapterTwo7,* Hava Durumuna DayalÄ± Yol Tehlike Analizi,* Road Hazard Analysis Based on Weather Conditions,,*  ØªØ­Ù„ÙŠÙ„ Ù…Ø®Ø§Ø·Ø± Ø§Ù„Ø·Ø±ÙŠÙ‚ Ø¨Ù†Ø§Ø¡Ù‹ Ø¹Ù„Ù‰ Ø§Ù„Ø¸Ø±ÙˆÙ Ø§Ù„Ø¬ÙˆÙŠØ©
chapter.chapterTwo8,"Ä°mzasÄ± haline gelen monoklunu takarak, KurbaÄŸa gerÃ§ek bir yenilikÃ§iye dÃ¶nÃ¼ÅŸÃ¼r ve yollarÄ±n daha gÃ¼venli olduÄŸu, sÃ¼rÃ¼cÃ¼lerin ise Ã¶zgÃ¼venle yol aldÄ±ÄŸÄ± bir gelecek inÅŸa eder.","Wearing his signature monocle, the Frog transforms into a true innovator, shaping the future where roads are safer and drivers navigate with confidence.",,Ù…Ø±ØªØ¯ÙŠÙ‹Ø§ Ù†Ø¸Ø§Ø±ØªÙ‡ Ø£Ø­Ø§Ø¯ÙŠØ© Ø§Ù„Ø¹Ø¯Ø³Ø© Ø§Ù„Ù…Ù…ÙŠØ²Ø©ØŒ ÙŠØªØ­ÙˆÙ„ Ø§Ù„Ø¶ÙØ¯Ø¹ Ø¥Ù„Ù‰ Ù…Ø¨ØªÙƒØ± Ø­Ù‚ÙŠÙ‚ÙŠØŒ ÙŠØµÙˆØº Ù…Ø³ØªÙ‚Ø¨Ù„Ù‹Ø§ ØªÙƒÙˆÙ† ÙÙŠÙ‡ Ø§Ù„Ø·Ø±Ù‚ Ø£ÙƒØ«Ø± Ø£Ù…Ø§Ù†Ù‹Ø§ ÙˆØ§Ù„Ø³Ø§Ø¦Ù‚ÙˆÙ† ÙŠÙ‚ÙˆØ¯ÙˆÙ† Ø¨Ø«Ù‚Ø©.
faqs.a1,,GOCAR CRYPTO PRESALE FAQS,GOCAR ì•”í˜¸í™”í í”„ë¦¬ì„¸ì¼ FAQ,Ø§Ù„Ø£Ø³Ø¦Ù„Ø© Ø§Ù„Ø´Ø§Ø¦Ø¹Ø© Ø­ÙˆÙ„ Ø§Ù„Ø¨ÙŠØ¹ Ø§Ù„Ù…Ø³Ø¨Ù‚ Ù„Ø¹Ù…Ù„Ø© GOCAR Ø§Ù„Ø±Ù‚Ù…ÙŠØ©
faqs.b1,$GOCAR Token Nedir?,What is $GOCAR Token?,$GOCAR í† í°ì´ë€ ë¬´ì—‡ì¸ê°€ìš”?,Ù…Ø§ Ù‡Ùˆ Ø±Ù…Ø² $GOCARØŸ
faqs.b2,"$GOCAR Token, kÃ¼resel mobilite ekosistemini devrim niteliÄŸinde dÃ¶nÃ¼ÅŸtÃ¼rmeyi amaÃ§layan Guardians of the Carâ€™Ä±n kullanÄ±m tokenidir ve dÃ¼nyanÄ±n ilk araÃ§ temalÄ± meme projesidir.","The $GOCAR Token is the utility token of Guardians of the Car, the first-ever car meme project with a mission to revolutionize the global mobility ecosystem.","$GOCAR í† í°ì€ Guardians of the Carì˜ ìœ í‹¸ë¦¬í‹° í† í°ìœ¼ë¡œ, ì „ ì„¸ê³„ ëª¨ë¹Œë¦¬í‹° ìƒíƒœê³„ë¥¼ í˜ì‹ í•˜ë ¤ëŠ” ì‚¬ëª…ì„ ê°€ì§„ ìµœì´ˆì˜ ìë™ì°¨ ë°ˆ í”„ë¡œì íŠ¸ì…ë‹ˆë‹¤.",Ø±Ù…Ø² $GOCAR Ù‡Ùˆ Ø§Ù„Ø±Ù…Ø² Ø§Ù„Ù…Ø³ØªØ®Ø¯Ù… ÙÙŠ Ù†Ø¸Ø§Ù… Guardians of the CarØŒ ÙˆÙ‡Ùˆ Ø£ÙˆÙ„ Ù…Ø´Ø±ÙˆØ¹ Ù…ÙŠÙ… Ù„Ù„Ø³ÙŠØ§Ø±Ø§Øª Ø¹Ù„Ù‰ Ø§Ù„Ø¥Ø·Ù„Ø§Ù‚ ÙŠÙ‡Ø¯Ù Ø¥Ù„Ù‰ Ø¥Ø­Ø¯Ø§Ø« Ø«ÙˆØ±Ø© ÙÙŠ Ù†Ø¸Ø§Ù… Ø§Ù„ØªÙ†Ù‚Ù„ Ø§Ù„Ø¹Ø§Ù„Ù…ÙŠ.
faqs.b3,"Web3.0 tabanlÄ± AI Agent hizmetleriyle desteklenen GOCAR, insanlarÄ±n artÄ±k trafik kazalarÄ± yaÅŸamadÄ±ÄŸÄ± ve sÃ¼rÃ¼ÅŸ sÄ±rasÄ±nda endiÅŸe duymadÄ±ÄŸÄ± bir dÃ¼nya yaratmayÄ± hedefliyor.","Powered by Web3.0-based AI Agent services, GOCAR aims to create a world where humans no longer experience traffic accidents or feel anxious while driving.","Web3.0 ê¸°ë°˜ì˜ AI Agent ì„œë¹„ìŠ¤ë¥¼ í†µí•´, GOCARëŠ” ì¸ê°„ì´ ë” ì´ìƒ êµí†µì‚¬ê³ ë¥¼ ê²½í—˜í•˜ê±°ë‚˜ ìš´ì „ ì¤‘ì— ë¶ˆì•ˆê°ì„ ëŠë¼ì§€ ì•ŠëŠ” ì„¸ìƒì„ ë§Œë“œëŠ” ê²ƒì„ ëª©í‘œë¡œ í•©ë‹ˆë‹¤.",Ù…Ø¯Ø¹ÙˆÙ…Ù‹Ø§ Ø¨Ø®Ø¯Ù…Ø§Øª ÙˆÙƒÙŠÙ„ Ø§Ù„Ø°ÙƒØ§Ø¡ Ø§Ù„Ø§ØµØ·Ù†Ø§Ø¹ÙŠ Ø§Ù„Ù…Ø³ØªÙ†Ø¯Ø© Ø¥Ù„Ù‰ Web3.0ØŒ ÙŠØ³Ø¹Ù‰ GOCAR Ø¥Ù„Ù‰ Ø¥Ù†Ø´Ø§Ø¡ Ø¹Ø§Ù„Ù… Ø®Ø§Ù„Ù Ù…Ù† Ø­ÙˆØ§Ø¯Ø« Ø§Ù„Ù…Ø±ÙˆØ± ÙˆØ§Ù„ØªÙˆØªØ± Ø£Ø«Ù†Ø§Ø¡ Ø§Ù„Ù‚ÙŠØ§Ø¯Ø©.
faqs.c1,Neden Åimdi GOCAR Guardians'a KatÄ±lmalÄ±sÄ±n?,Why Should You Join the GOCAR Guardians Now?,ì™œ ì§€ê¸ˆ GOCAR ê°€ë””ì–¸ì— ì°¸ì—¬í•´ì•¼ í•˜ë‚˜ìš”?,Ù„Ù…Ø§Ø°Ø§ ÙŠØ¬Ø¨ Ø¹Ù„ÙŠÙƒ Ø§Ù„Ø§Ù†Ø¶Ù…Ø§Ù… Ø¥Ù„Ù‰ Ø­Ø±Ø§Ø³ GOCAR Ø§Ù„Ø¢Ù†ØŸ
faqs.c2,"GOCAR, gerÃ§ek dÃ¼nyada kullanÄ±m sunmak Ã¼zere tasarlanmÄ±ÅŸ ilk araÃ§ temalÄ± meme projesidir.",GOCAR is the first car meme project designed to deliver real-world utility.,GOCARëŠ” ì‹¤ì œ ìœ í‹¸ë¦¬í‹°ë¥¼ ì œê³µí•˜ë„ë¡ ì„¤ê³„ëœ ìµœì´ˆì˜ ìë™ì°¨ ë°ˆ í”„ë¡œì íŠ¸ì…ë‹ˆë‹¤.,GOCAR Ù‡Ùˆ Ø£ÙˆÙ„ Ù…Ø´Ø±ÙˆØ¹ Ù…ÙŠÙ… Ù„Ù„Ø³ÙŠØ§Ø±Ø§Øª Ù…ØµÙ…Ù… Ù„ØªÙ‚Ø¯ÙŠÙ… ÙØ§Ø¦Ø¯Ø© Ø­Ù‚ÙŠÙ‚ÙŠØ© ÙÙŠ Ø§Ù„Ø¹Ø§Ù„Ù… Ø§Ù„ÙˆØ§Ù‚Ø¹ÙŠ.
faqs.c3,"Erken katÄ±lÄ±n ve Tesla, BNB ve SHIB gibi bÃ¼yÃ¼k bir baÅŸarÄ±ya ulaÅŸma potansiyeli taÅŸÄ±yan devrim niteliÄŸindeki bu projenin bir parÃ§asÄ± olun!","Join early and become part of a groundbreaking project with the potential to succeed like Tesla, BNB, and SHIB!","ì§€ê¸ˆ ì¼ì° ì°¸ì—¬í•˜ì—¬ Tesla, BNB, SHIBì²˜ëŸ¼ ì„±ê³µí•  ì ì¬ë ¥ì„ ê°€ì§„ í˜ì‹ ì ì¸ í”„ë¡œì íŠ¸ì˜ ì¼ì›ì´ ë˜ì„¸ìš”!",Ø§Ù†Ø¶Ù… Ù…Ø¨ÙƒØ±Ù‹Ø§ ÙˆÙƒÙ† Ø¬Ø²Ø¡Ù‹Ø§ Ù…Ù† Ù…Ø´Ø±ÙˆØ¹ Ø«ÙˆØ±ÙŠ Ù„Ø¯ÙŠÙ‡ Ø¥Ù…ÙƒØ§Ù†Ø§Øª Ù†Ø¬Ø§Ø­ ÙƒØ¨ÙŠØ±Ø© Ù…Ø«Ù„ Tesla ÙˆBNB ÙˆSHIB!
faqs.d1,Guardians of the Carâ€™Ä± Bu Kadar Benzersiz KÄ±lan Nedir?,What makes Guardians of the Car so unique?,Guardians of the Carë¥¼ íŠ¹ë³„í•˜ê²Œ ë§Œë“œëŠ” ì ì€ ë¬´ì—‡ì¸ê°€ìš”?,Ù…Ø§ Ø§Ù„Ø°ÙŠ ÙŠØ¬Ø¹Ù„ Guardians of the Car ÙØ±ÙŠØ¯Ù‹Ø§ Ù…Ù† Ù†ÙˆØ¹Ù‡ØŸ
faqs.d2,"GOCAR, sadece bir meme projesi deÄŸilâ€”yenilikÃ§i kullanÄ±m hizmetlerinde Ã¶ncÃ¼lÃ¼k ediyor.",GOCAR is more than just a meme projectâ€”it is pioneering innovative utility services.,GOCARëŠ” ë‹¨ìˆœí•œ ë°ˆ í”„ë¡œì íŠ¸ê°€ ì•„ë‹™ë‹ˆë‹¤. í˜ì‹ ì ì¸ ìœ í‹¸ë¦¬í‹° ì„œë¹„ìŠ¤ë¥¼ ê°œì²™í•˜ëŠ” í”„ë¡œì íŠ¸ì…ë‹ˆë‹¤.,GOCAR Ù„ÙŠØ³ Ù…Ø¬Ø±Ø¯ Ù…Ø´Ø±ÙˆØ¹ Ù…ÙŠÙ… â€“ Ø¥Ù†Ù‡ Ø±Ø§Ø¦Ø¯ ÙÙŠ ØªÙ‚Ø¯ÙŠÙ… Ø®Ø¯Ù…Ø§Øª Ù…Ø¨ØªÙƒØ±Ø© Ø°Ø§Øª ÙØ§Ø¦Ø¯Ø© Ø­Ù‚ÙŠÙ‚ÙŠØ©.
faqs.d3,"SÄ±fÄ±r trafik kazasÄ± hedefiyle, daha Ã¶nce hiÃ§ gÃ¶rÃ¼lmemiÅŸ Ã§Ä±ÄŸÄ±r aÃ§Ä±cÄ± Ã§Ã¶zÃ¼mler sunuyoruz. Bizi takip etmeye devam edin!","We are introducing groundbreaking solutions never seen before, all while striving for zero traffic accidents. Stay tuned for our journey!","ìš°ë¦¬ëŠ” ì§€ê¸ˆê¹Œì§€ ë³¸ ì  ì—†ëŠ” íšê¸°ì ì¸ í•´ê²°ì±…ì„ ì†Œê°œí•˜ê³  ìˆìœ¼ë©°, êµí†µì‚¬ê³  0%ë¥¼ ëª©í‘œë¡œ ë‹¬ë ¤ê°€ê³  ìˆìŠµë‹ˆë‹¤. ìš°ë¦¬ì˜ ì—¬ì •ì„ ì§€ì¼œë´ ì£¼ì„¸ìš”!","Ù†Ø­Ù† Ù†Ù‚Ø¯Ù… Ø­Ù„ÙˆÙ„Ù‹Ø§ Ø«ÙˆØ±ÙŠØ© Ù„Ù… ÙŠØ³Ø¨Ù‚ Ù„Ù‡Ø§ Ù…Ø«ÙŠÙ„ØŒ ÙˆÙ†Ø³Ø¹Ù‰ ÙÙŠ Ø§Ù„ÙˆÙ‚Øª Ù†ÙØ³Ù‡ Ø¥Ù„Ù‰ ØªØ­Ù‚ÙŠÙ‚ Ù‡Ø¯Ù ""ØµÙØ± Ø­ÙˆØ§Ø¯Ø« Ù…Ø±ÙˆØ±"". ØªØ§Ø¨Ø¹ Ø±Ø­Ù„ØªÙ†Ø§!"
faqs.e1,Guardians of the Car'da AI Teknolojisi NasÄ±l Ã‡alÄ±ÅŸÄ±r?,How does AI technology work in Guardians of the Car?,Guardians of the Carì—ì„œ AI ê¸°ìˆ ì€ ì–´ë–»ê²Œ ì‘ë™í•˜ë‚˜ìš”?,ÙƒÙŠÙ ØªØ¹Ù…Ù„ ØªÙ‚Ù†ÙŠØ© Ø§Ù„Ø°ÙƒØ§Ø¡ Ø§Ù„Ø§ØµØ·Ù†Ø§Ø¹ÙŠ ÙÙŠ Guardians of the CarØŸ
faqs.e2,"GOCAR'Ä±n AI Agent'Ä±, Guardians'Ä±n verilerini kullanarak Ã¶nden Ã§arpÄ±ÅŸma uyarÄ±larÄ±, trafik Ä±ÅŸÄ±ÄŸÄ± ihlalleri ve ters yÃ¶nde giden araÃ§lara dair bildirimler ile hava durumu koÅŸullarÄ±na dayalÄ± yol tehlikesi analizleri sunar. BÃ¶ylece hem sÃ¼rÃ¼cÃ¼lerin hem de yayalarÄ±n gÃ¼venliÄŸini saÄŸlar.","GOCAR's AI Agent utilizes the Guardians' data to provide forward collision alerts, notifications for signal violations and wrong-way vehicles, and road hazard analysis based on weather conditions, ensuring the safety of both drivers and pedestrians.","GOCARì˜ AI AgentëŠ” ê°€ë””ì–¸ë“¤ì˜ ë°ì´í„°ë¥¼ í™œìš©í•˜ì—¬ ì „ë°© ì¶©ëŒ ê²½ê³ , ì‹ í˜¸ ìœ„ë°˜ ë° ì—­ì£¼í–‰ ì°¨ëŸ‰ ì•Œë¦¼, ë‚ ì”¨ ì¡°ê±´ì— ë”°ë¥¸ ë„ë¡œ ìœ„í—˜ ë¶„ì„ì„ ì œê³µí•˜ì—¬ ìš´ì „ìì™€ ë³´í–‰ì ëª¨ë‘ì˜ ì•ˆì „ì„ ë³´ì¥í•©ë‹ˆë‹¤.",ÙŠØ³ØªØ®Ø¯Ù… ÙˆÙƒÙŠÙ„ Ø§Ù„Ø°ÙƒØ§Ø¡ Ø§Ù„Ø§ØµØ·Ù†Ø§Ø¹ÙŠ GOCAR Ø¨ÙŠØ§Ù†Ø§Øª Ø§Ù„Ø­Ø±Ø§Ø³ Ù„ØªÙ‚Ø¯ÙŠÙ… ØªÙ†Ø¨ÙŠÙ‡Ø§Øª Ø§Ù„Ø§ØµØ·Ø¯Ø§Ù… Ø§Ù„Ø£Ù…Ø§Ù…ÙŠØŒ ÙˆØ¥Ø´Ø¹Ø§Ø±Ø§Øª Ù…Ø®Ø§Ù„ÙØ§Øª Ø§Ù„Ø¥Ø´Ø§Ø±Ø§Øª ÙˆØ§Ù„Ù…Ø±ÙƒØ¨Ø§Øª Ø§Ù„ØªÙŠ ØªØ³ÙŠØ± ÙÙŠ Ø§Ù„Ø§ØªØ¬Ø§Ù‡ Ø§Ù„Ø®Ø§Ø·Ø¦ØŒ Ø¨Ø§Ù„Ø¥Ø¶Ø§ÙØ© Ø¥Ù„Ù‰ ØªØ­Ù„ÙŠÙ„ Ù…Ø®Ø§Ø·Ø± Ø§Ù„Ø·Ø±ÙŠÙ‚ Ø¨Ù†Ø§Ø¡Ù‹ Ø¹Ù„Ù‰ Ø§Ù„Ø¸Ø±ÙˆÙ Ø§Ù„Ø¬ÙˆÙŠØ©ØŒ Ù…Ù…Ø§ ÙŠØ¶Ù…Ù† Ø³Ù„Ø§Ù…Ø© Ø§Ù„Ø³Ø§Ø¦Ù‚ÙŠÙ† ÙˆØ§Ù„Ù…Ø´Ø§Ø©.
faqs.e3,"AyrÄ±ca, AI Agent sÃ¼rekli olarak Guardians'Ä±n verilerinden Ã¶ÄŸrenir ve otonom bir ÅŸekilde geliÅŸerek daha hassas ve deÄŸerli hizmetler sunar.","Furthermore, the AI Agent continuously learns from the Guardians' data, evolving autonomously to provide more precise and valuable services.","ë˜í•œ, AI AgentëŠ” ê°€ë””ì–¸ë“¤ì˜ ë°ì´í„°ë¥¼ ì§€ì†ì ìœ¼ë¡œ í•™ìŠµí•˜ì—¬ ììœ¨ì ìœ¼ë¡œ ë°œì „í•˜ê³ , ë” ì •í™•í•˜ê³  ê°€ì¹˜ ìˆëŠ” ì„œë¹„ìŠ¤ë¥¼ ì œê³µí•©ë‹ˆë‹¤.",Ø¹Ù„Ø§ÙˆØ© Ø¹Ù„Ù‰ Ø°Ù„ÙƒØŒ ÙŠØªØ¹Ù„Ù… ÙˆÙƒÙŠÙ„ Ø§Ù„Ø°ÙƒØ§Ø¡ Ø§Ù„Ø§ØµØ·Ù†Ø§Ø¹ÙŠ Ø¨Ø§Ø³ØªÙ…Ø±Ø§Ø± Ù…Ù† Ø¨ÙŠØ§Ù†Ø§Øª Ø§Ù„Ø­Ø±Ø§Ø³ØŒ ÙˆÙŠØªØ·ÙˆØ± Ø¨Ø´ÙƒÙ„ Ø°Ø§ØªÙŠ Ù„ØªÙ‚Ø¯ÙŠÙ… Ø®Ø¯Ù…Ø§Øª Ø£ÙƒØ«Ø± Ø¯Ù‚Ø© ÙˆÙ‚ÙŠÙ…Ø©.
faqs.f1,Guardians of the Car Ana Ã–zelliklerini Ne Zaman BaÅŸlatacak?,When will Guardians of the Car launch its main features?,Guardians of the Carì˜ ì£¼ìš” ê¸°ëŠ¥ì€ ì–¸ì œ ì¶œì‹œë˜ë‚˜ìš”?,Ù…ØªÙ‰ Ø³ÙŠØªÙ… Ø¥Ø·Ù„Ø§Ù‚ Ø§Ù„Ù…ÙŠØ²Ø§Øª Ø§Ù„Ø±Ø¦ÙŠØ³ÙŠØ© Ù„Ù€ Guardians of the CarØŸ
faqs.f2,"Guardians of the Car hizmetleri aÅŸamalar halinde baÅŸlatÄ±lacak. 2025 yÄ±lÄ±nda baÅŸlayarak, proje staking, node hizmetleri ve G2E'yi ilk Ã¶zellikler olarak devreye alacak.","Guardians of the Car services will be launched in phases. Starting in 2025, the project will roll out staking, node services, and G2E as the initial features.","Guardians of the Car ì„œë¹„ìŠ¤ëŠ” ë‹¨ê³„ì ìœ¼ë¡œ ì¶œì‹œë  ì˜ˆì •ì…ë‹ˆë‹¤. 2025ë…„ë¶€í„° í”„ë¡œì íŠ¸ëŠ” ìŠ¤í…Œì´í‚¹, ë…¸ë“œ ì„œë¹„ìŠ¤, ê·¸ë¦¬ê³  G2Eë¥¼ ì´ˆê¸° ê¸°ëŠ¥ìœ¼ë¡œ ì¶œì‹œí•©ë‹ˆë‹¤.",Ø³ÙŠØªÙ… Ø¥Ø·Ù„Ø§Ù‚ Ø®Ø¯Ù…Ø§Øª Guardians of the Car Ø¹Ù„Ù‰ Ù…Ø±Ø§Ø­Ù„. Ø§Ø¨ØªØ¯Ø§Ø¡Ù‹ Ù…Ù† Ø¹Ø§Ù… Ù¢Ù Ù¢Ù¥ØŒ Ø³ÙŠØ¨Ø¯Ø£ Ø§Ù„Ù…Ø´Ø±ÙˆØ¹ Ø¨Ø·Ø±Ø­ Ø®Ø¯Ù…Ø§Øª Ø§Ù„ØªØ®Ø²ÙŠÙ† (Staking)ØŒ ÙˆØ§Ù„Ø¹Ù‚Ø¯Ø© (Node Services)ØŒ ÙˆÙ†Ø¸Ø§Ù… G2E ÙƒÙ…ÙŠØ²Ø§Øª Ø£ÙˆÙ„ÙŠØ©.
faqs.f3,"Bunun ardÄ±ndan, daha geliÅŸmiÅŸ yapay zeka tabanlÄ± gÃ¼venlik ve konfor hizmetleri dÃ¼nyaya sunulacak.","Following this, more advanced AI-based safety and convenience services will be introduced to the world.",ì´í›„ ë” ê³ ê¸‰í™”ëœ AI ê¸°ë°˜ ì•ˆì „ ë° í¸ì˜ ì„œë¹„ìŠ¤ê°€ ì „ ì„¸ê³„ì— ì†Œê°œë  ê²ƒì…ë‹ˆë‹¤.,Ø¨Ø¹Ø¯ Ø°Ù„ÙƒØŒ Ø³ÙŠØªÙ… ØªÙ‚Ø¯ÙŠÙ… Ø®Ø¯Ù…Ø§Øª Ø£ÙƒØ«Ø± ØªÙ‚Ø¯Ù…Ù‹Ø§ Ù‚Ø§Ø¦Ù…Ø© Ø¹Ù„Ù‰ Ø§Ù„Ø°ÙƒØ§Ø¡ Ø§Ù„Ø§ØµØ·Ù†Ø§Ø¹ÙŠ Ù„ØªØ¹Ø²ÙŠØ² Ø§Ù„Ø£Ù…Ø§Ù† ÙˆØ§Ù„Ø±Ø§Ø­Ø© ÙÙŠ Ø¬Ù…ÙŠØ¹ Ø£Ù†Ø­Ø§Ø¡ Ø§Ù„Ø¹Ø§Ù„Ù….
faqs.g1,Token'larÄ±mÄ± Ne Zaman AlacaÄŸÄ±m?,When do I get my tokens?,í† í°ì€ ì–¸ì œ ë°›ë‚˜ìš”?,Ù…ØªÙ‰ ÙŠÙ…ÙƒÙ†Ù†ÙŠ Ø§Ø³ØªÙ„Ø§Ù… Ø±Ù…ÙˆØ²ÙŠØŸ
faqs.g2,"Ã–n satÄ±ÅŸ sona erip token piyasaya sÃ¼rÃ¼ldÃ¼ÄŸÃ¼nde, $GOCAR token'larÄ±nÄ±zÄ± anÄ±nda talep edebileceksiniz.","Once the presale ends and the token launches, you can instantly claim your $GOCAR tokens.","í”„ë¦¬ì„¸ì¼ì´ ì¢…ë£Œë˜ê³  í† í°ì´ ì¶œì‹œë˜ë©´, $GOCAR í† í°ì„ ì¦‰ì‹œ í´ë ˆì„í•  ìˆ˜ ìˆìŠµë‹ˆë‹¤.",Ø¨Ù…Ø¬Ø±Ø¯ Ø§Ù†ØªÙ‡Ø§Ø¡ Ø§Ù„Ø¨ÙŠØ¹ Ø§Ù„Ù…Ø³Ø¨Ù‚ ÙˆØ¥Ø·Ù„Ø§Ù‚ Ø§Ù„Ø±Ù…Ø²ØŒ ÙŠÙ…ÙƒÙ†Ùƒ ÙÙˆØ±Ù‹Ø§ Ø§Ù„Ù…Ø·Ø§Ù„Ø¨Ø© Ø¨Ø±Ù…ÙˆØ² $GOCAR Ø§Ù„Ø®Ø§ØµØ© Ø¨Ùƒ.
faqs.g3,CÃ¼zdanÄ±nÄ±zÄ± baÄŸlayÄ±p 'Claim' dÃ¼ÄŸmesine tÄ±klamanÄ±z yeterliâ€”bu kadar basit!,"Simply connect your wallet and click ""Claim""â€” itâ€™s that easy!","ë‹¨ìˆœíˆ ì§€ê°‘ì„ ì—°ê²°í•˜ê³  ""Claim"" ë²„íŠ¼ì„ í´ë¦­í•˜ë©´ ë©ë‹ˆë‹¤!","ÙƒÙ„ Ù…Ø§ Ø¹Ù„ÙŠÙƒ ÙØ¹Ù„Ù‡ Ù‡Ùˆ ØªÙˆØµÙŠÙ„ Ù…Ø­ÙØ¸ØªÙƒ ÙˆØ§Ù„Ø¶ØºØ· Ø¹Ù„Ù‰ ""Ø§Ù„Ù…Ø·Ø§Ù„Ø¨Ø©"" â€“ Ø§Ù„Ø£Ù…Ø± Ø¨Ù‡Ø°Ù‡ Ø§Ù„Ø³Ù‡ÙˆÙ„Ø©!"
faqs.h1,'AÃ§ kal. Cesur kal. KarlÄ± kal. Guardian kal.' â€“ Steve Guardian,"""Stay Hungry. Stay Foolish. Stay Profitable. Stay Guardian."" - Steve Guardian","""ê°ˆë§í•˜ë¼. ê³¼ê°í•˜ë¼. ìˆ˜ìµì„ ì¡ì•„ë¼, ê·¸ë¦¬ê³  ê°€ë””ì–¸ì´ ë˜ì–´ë¼."" -ìŠ¤í‹°ë¸Œ ê°€ë””ì–¸","""Ø§Ø¨Ù‚Ù Ø¬Ø§Ø¦Ø¹Ù‹Ø§. Ø§Ø¨Ù‚Ù Ù…Ø¬Ù†ÙˆÙ†Ù‹Ø§. Ø§Ø¨Ù‚Ù Ù…Ø±Ø¨Ø­Ù‹Ø§. Ø§Ø¨Ù‚Ù Ø­Ø§Ø±Ø³Ù‹Ø§."" â€“ Ø³ØªÙŠÙ Ø¬Ø§Ø±Ø¯ÙŠØ§Ù†"
home.cw,Ana ekrandan bir aÄŸ seÃ§in ve cÃ¼zdanÄ±nÄ±za baÄŸlanÄ±n.,Select a network on the home screen and connect to your wallet.,í™ˆí™”ë©´ì—ì„œ ë„¤íŠ¸ì›Œí¬ë¥¼ ì„ íƒ í›„ ì§€ê°‘ì— ì—°ê²°í•´ì£¼ì„¸ìš”.,Ø­Ø¯Ø¯ Ø´Ø¨ÙƒØ© Ø¹Ù„Ù‰ Ø§Ù„Ø´Ø§Ø´Ø© Ø§Ù„Ø±Ø¦ÙŠØ³ÙŠØ© ÙˆÙ‚Ù… Ø¨Ø§Ù„Ø§ØªØµØ§Ù„ Ø¨Ù…Ø­ÙØ¸ØªÙƒ.
home.animation1,$GOCAR Ã¶n satÄ±ÅŸÄ± hÄ±z kazanÄ±yor! Fiyat artmadan Ã¶nce en iyi giriÅŸ fÄ±rsatÄ±nÄ± kaÃ§Ä±rma!ğŸ’°ğŸï¸ğŸ’¨,$GOCAR Presale is heating up! Donâ€™t Miss the Best Entry Before Price Increases! ğŸ’°ğŸï¸ğŸ’¨,$GOCAR í”„ë¦¬ì„¸ì¼ì´ ëœ¨ê²ê²Œ ë‹¬ì•„ì˜¤ë¥´ê³  ìˆìŠµë‹ˆë‹¤! ê°€ê²© ìƒìŠ¹ ì „ì— ìµœì ì˜ ì§„ì… ê¸°íšŒë¥¼ ë†“ì¹˜ì§€ ë§ˆì„¸ìš”! ğŸ’°ğŸï¸ğŸ’¨,Ø§Ù„Ø¨ÙŠØ¹ Ø§Ù„Ù…Ø³Ø¨Ù‚ Ù„Ù€ $GOCAR ÙŠØ²Ø¯Ø§Ø¯ Ø³Ø®ÙˆÙ†Ø©! Ù„Ø§ ØªÙÙˆØª Ø£ÙØ¶Ù„ ÙØ±ØµØ© Ø¯Ø®ÙˆÙ„ Ù‚Ø¨Ù„ Ø§Ø±ØªÙØ§Ø¹ Ø§Ù„Ø³Ø¹Ø± ğŸ’°ğŸï¸ğŸ’¨
home.buyToken1,$GOCAR SATIN AL,BUY $GOCAR,$GOCAR êµ¬ë§¤,Ø´Ø±Ø§Ø¡ $GOCAR
home.intro1,"$GOCAR SATIN AL, BÄ°R GUARDIAN OL","BUY $GOCAR, BECOME A GUARDIAN",$GOCARì„ êµ¬ë§¤í•˜ê³  ê°€ë””ì–¸ì´ ë˜ì„¸ìš”,Ø§Ø´ØªØ±Ù $GOCARØŒ ÙˆÙƒÙ† ÙˆØµÙŠØ§
home.intro10,Ä°lk Otomotiv Meme Coinâ€™i â€“ Zeki degensâ€™ler iÃ§in akÄ±llÄ± seÃ§im.,The Road to Zero Accidents â€“ Your personal JARVIS that ensures a safer and smarter driving experience.,ê°€ë””ì–¸ì´ ë˜ì–´ë³´ì„¸ìš”.,Ø£ÙˆÙ„ Ø¹Ù…Ù„Ø© Ù…ÙŠÙ… Ù„Ù„Ø³ÙŠØ§Ø±Ø§ØªØŒ Ù…Ø¯Ø¹ÙˆÙ…Ø© Ø¨ÙˆÙƒÙŠÙ„ Ø°ÙƒØ§Ø¡ Ø§ØµØ·Ù†Ø§Ø¹ÙŠ â€“ Ø§Ù„Ø®ÙŠØ§Ø± Ø§Ù„Ø°ÙƒÙŠ Ù„Ù„Ù…Ø³ØªØ«Ù…Ø±ÙŠÙ† Ø§Ù„Ø£Ø°ÙƒÙŠØ§Ø¡.
home.intro11,GÃ¼Ã§lÃ¼ KullanÄ±m AlanÄ± â€“ TopluluÄŸa katkÄ±da bulun ve G2E (Guardians to Earn) ile Ã¶dÃ¼ller kazan.,JOIN THE GUARDIAN,,Ø£Ø¯Ø§Ø© Ù‚ÙˆÙŠØ© â€“ Ø³Ø§Ù‡Ù… ÙÙŠ Ø§Ù„Ù…Ø¬ØªÙ…Ø¹ ÙˆØ§Ø±Ø¨Ø­ Ø§Ù„Ù…ÙƒØ§ÙØ¢Øª Ù…Ù† Ø®Ù„Ø§Ù„ G2E (Guardians to Earn).
home.intro2,Araba sÃ¼rerken kendi kiÅŸisel JARVISâ€™in olduÄŸunu hayal et.,Imagine having your own personal JARVIS while driving.,ìš´ì „ì„ í•˜ë©° ëˆ„ë¦´ ìˆ˜ ìˆëŠ” í¼ìŠ¤ë„ ìë¹„ìŠ¤ê°€ ìˆë‹¤ê³  ìƒê°í•´ë³´ì„¸ìš”.,ØªØ®ÙŠÙ„ Ø£Ù† ÙŠÙƒÙˆÙ† Ù„Ø¯ÙŠÙƒ JARVIS Ø´Ø®ØµÙŠ Ø£Ø«Ù†Ø§Ø¡ Ø§Ù„Ù‚ÙŠØ§Ø¯Ø©.
home.intro3,"Yapay zeka destekli Agent GOCAR, kÃ¼resel mobilite ekosistemini trafik kazalarÄ±ndan koruma sÃ¶zÃ¼ veriyor.",AI-powered Agent GOCAR promises to protect the worldwide mobility ecosystem from traffic accidents.,AIë¥¼ ê¸°ë°˜ìœ¼ë¡œ í•˜ëŠ” Agent GOCARëŠ” ì „ ì„¸ê³„ ëª¨ë¹Œë¦¬í‹° ìƒíƒœê³„ ì°¸ì—¬ìë¥¼ êµí†µì‚¬ê³ ë¡œë¶€í„° êµ¬ì›í•´ì¤„ í¬ë§ì…ë‹ˆë‹¤.,ÙŠØ¹Ø¯ ÙˆÙƒÙŠÙ„ Ø§Ù„Ø°ÙƒØ§Ø¡ Ø§Ù„Ø§ØµØ·Ù†Ø§Ø¹ÙŠ GOCAR Ø¨Ø­Ù…Ø§ÙŠØ© Ø§Ù„Ù†Ø¸Ø§Ù… Ø§Ù„Ø¨ÙŠØ¦ÙŠ Ø§Ù„Ø¹Ø§Ù„Ù…ÙŠ Ù„Ù„ØªÙ†Ù‚Ù„ Ù…Ù† Ø­ÙˆØ§Ø¯Ø« Ø§Ù„Ù…Ø±ÙˆØ±.
home.intro4,"Agent GOCAR, aÅŸaÄŸÄ±dakiler gibi kritik gerÃ§ek zamanlÄ± uyarÄ±lar saÄŸlar:","Agent GOCAR provides real-time critical alerts such as: Forward Collision Warnings, Alerts for Traffic Violations & Wrong-Way Drivers, and Road Hazard Analysis Based on Weather Conditions","Agent GOCARëŠ” ì „ë°© ì‚¬ê³  ì•Œë¦¼, ì‹ í˜¸ ìœ„ë°˜/ì—­ì£¼í–‰ ì°¨ëŸ‰ ì•Œë¦¼, ë‚ ì”¨ë¡œ ì¸í•œ ë„ë¡œ ìœ„í—˜ ë¶„ì„ ë“± ìš´ì „ìì—ê²Œ í•„ìš”í•œ ì •ë³´ë¥¼ ì‹¤ì‹œê°„ìœ¼ë¡œ ë¶„ì„í•˜ì—¬ ì•Œë ¤ì¤„ ê±°ì˜ˆìš”.",ÙŠÙˆÙØ± Ø§Ù„ÙˆÙƒÙŠÙ„ GOCAR ØªÙ†Ø¨ÙŠÙ‡Ø§Øª Ø­Ø±Ø¬Ø© ÙÙŠ Ø§Ù„ÙˆÙ‚Øª Ø§Ù„ÙØ¹Ù„ÙŠ Ù…Ø«Ù„:
home.intro5,Ã–nden Ã‡arpÄ±ÅŸma UyarÄ±larÄ±,"By continuously analyzing and delivering essential information, Agent GOCAR ensures that drivers can navigate the roads safely.","ë” ì´ìƒ ì¸ë¥˜ê°€ êµí†µì‚¬ê³ ë¥¼ ê²ªì§€ ì•Šê³ , ìš´ì „í•˜ë©´ì„œ ë¶ˆì•ˆí•¨ì„ ëŠë¼ì§€ ì•Šë„ë¡ ì„¸ìƒì„ ë°”ê¿€ ê²ƒì…ë‹ˆë‹¤.",ØªØ­Ø°ÙŠØ±Ø§Øª Ø§Ù„Ø§ØµØ·Ø¯Ø§Ù… Ø§Ù„Ø£Ù…Ø§Ù…ÙŠØŒ
home.intro6,Trafik Ä°hlalleri ve Ters YÃ¶nde Giden AraÃ§lar Ä°Ã§in UyarÄ±lar,Our mission is to eliminate traffic accidents and make driving a stress-free experience for humanity.,AI ì—ì´ì „íŠ¸ê°€ êµ¬ë™í•˜ëŠ” ìµœì´ˆì˜ ìë™ì°¨ ë°ˆ ì½”ì¸ â€“ ì§€ëŠ¥í˜• íˆ¬ììë¥¼ ìœ„í•œ ìŠ¤ë§ˆíŠ¸í•œ ì„ íƒ.,ØªÙ†Ø¨ÙŠÙ‡Ø§Øª Ù„Ù…Ø®Ø§Ù„ÙØ§Øª Ø§Ù„Ù…Ø±ÙˆØ± ÙˆØ§Ù„Ø³Ø§Ø¦Ù‚ÙŠÙ† ÙÙŠ Ø§Ù„Ø§ØªØ¬Ø§Ù‡ Ø§Ù„Ø®Ø§Ø·Ø¦ØŒ
home.intro7,Hava Durumuna DayalÄ± Yol Tehlike Analizi,"The First Car Meme Coin, driven by AI Agent â€“ The smart choice for intelligent degens.",ê°•ë ¥í•œ ìœ í‹¸ë¦¬í‹° â€“ G2E (Guardians to Earn) ëª¨ë¸ì„ í†µí•´ ì»¤ë®¤ë‹ˆí‹°ì— ê¸°ì—¬í•˜ê³  ë³´ìƒì„ íšë“í•˜ì„¸ìš”.,ØªØ­Ù„ÙŠÙ„ Ù…Ø®Ø§Ø·Ø± Ø§Ù„Ø·Ø±ÙŠÙ‚ Ø¨Ù†Ø§Ø¡Ù‹ Ø¹Ù„Ù‰ Ø§Ù„Ø¸Ø±ÙˆÙ Ø§Ù„Ø¬ÙˆÙŠØ©.
home.intro8,"SÃ¼rekli analiz yaparak ve kritik bilgileri sunarak, Agent GOCAR sÃ¼rÃ¼cÃ¼lerin yollarÄ± gÃ¼venle kullanmasÄ±nÄ± saÄŸlar.",Powerful Utility â€“ Contribute to the community and earn rewards through G2E (Guardians to Earn).,ìŠ¤ìŠ¤ë¡œ í•™ìŠµí•˜ëŠ” AI ì—ì´ì „íŠ¸ â€“ ì§€ì†ì ìœ¼ë¡œ ì§„í™”í•˜ë©° ìš´ì „ ê²½í—˜ì„ ìµœì í™”í•˜ê³  ìµœëŒ€í•œì˜ í˜œíƒì„ ì œê³µí•©ë‹ˆë‹¤.,Ù…Ù† Ø®Ù„Ø§Ù„ Ø§Ù„ØªØ­Ù„ÙŠÙ„ Ø§Ù„Ù…Ø³ØªÙ…Ø± ÙˆØªÙ‚Ø¯ÙŠÙ… Ø§Ù„Ù…Ø¹Ù„ÙˆÙ…Ø§Øª Ø§Ù„Ø£Ø³Ø§Ø³ÙŠØ©ØŒ ÙŠØ¶Ù…Ù† Ø§Ù„ÙˆÙƒÙŠÙ„ GOCAR Ø£Ù† Ø§Ù„Ø³Ø§Ø¦Ù‚ÙŠÙ† ÙŠÙ…ÙƒÙ†Ù‡Ù… Ø§Ù„ØªÙ†Ù‚Ù„ Ø¨Ø£Ù…Ø§Ù† Ø¹Ù„Ù‰ Ø§Ù„Ø·Ø±Ù‚Ø§Øª.
home.intro9,"Misyonumuz, trafik kazalarÄ±nÄ± ortadan kaldÄ±rmak ve sÃ¼rÃ¼ÅŸÃ¼ insanlÄ±k iÃ§in stresiz bir deneyim haline getirmektir.","Self-learning AI Agent â€“ An AI that continuously evolves, adapting to enhance your driving experience and maximize your benefits.",êµí†µì‚¬ê³  0%ë¥¼ í–¥í•œ ì—¬ì • â€“ ë”ìš± ì•ˆì „í•˜ê³  ìŠ¤ë§ˆíŠ¸í•œ ìš´ì „ì„ ë³´ì¥í•˜ëŠ” ë‹¹ì‹ ë§Œì˜ JARVIS. ğŸš—ğŸ¤–,Ù…Ù‡Ù…ØªÙ†Ø§ Ù‡ÙŠ Ø§Ù„Ù‚Ø¶Ø§Ø¡ Ø¹Ù„Ù‰ Ø­ÙˆØ§Ø¯Ø« Ø§Ù„Ù…Ø±ÙˆØ± ÙˆØ¬Ø¹Ù„ Ø§Ù„Ù‚ÙŠØ§Ø¯Ø© ØªØ¬Ø±Ø¨Ø© Ø®Ø§Ù„ÙŠØ© Ù…Ù† Ø§Ù„ØªÙˆØªØ± Ù„Ù„Ø¨Ø´Ø±ÙŠØ©.
home.nav1,Ana Sayfa,Home,í™ˆ,Ø§Ù„Ø±Ø¦ÙŠØ³ÙŠØ©
home.nav2,BÃ¶lÃ¼mler,Chapters,ì±•í„°,Ø§Ù„ÙØµÙˆÙ„
home.nav3,NasÄ±l SatÄ±n AlÄ±nÄ±r,How to Buy,êµ¬ë§¤ ë°©ë²•,ÙƒÙŠÙÙŠØ© Ø§Ù„Ø´Ø±Ø§Ø¡
home.nav4,Yol HaritasÄ±,Roadmap,ë¡œë“œë§µ,Ø®Ø§Ø±Ø·Ø© Ø§Ù„Ø·Ø±ÙŠÙ‚
home.nav5,SSS,FAQ,FAQ,Ø§Ù„Ø£Ø³Ø¦Ù„Ø© Ø§Ù„Ø´Ø§Ø¦Ø¹Ø©
home.nav6,Stakeleme,Staking,ìŠ¤í…Œì´í‚¹,Ø§Ù„ØªØ®Ø²ÙŠÙ†
home.nav7,Referans,Referral,ì¹œêµ¬ì¶”ì²œ,Ø§Ù„Ø¥Ø­Ø§Ù„Ø©
home.nav8,G2E,G2E,G2E,G2E
home.noWallet1,CÃ¼zdana mÄ± ihtiyacÄ±n var?,Need a wallet?,ì§€ê°‘ì´ í•„ìš”í•˜ì‹ ê°€ìš”?,Ù‡Ù„ ØªØ­ØªØ§Ø¬ Ø¥Ù„Ù‰ Ù…Ø­ÙØ¸Ø©ØŸ
home.noWallet2,CÃ¼zdana mÄ± ihtiyacÄ±n var?,Need a wallet?,ì§€ê°‘ì´ í•„ìš”í•˜ì‹ ê°€ìš”?,Ù‡Ù„ ØªØ­ØªØ§Ø¬ Ø¥Ù„Ù‰ Ù…Ø­ÙØ¸Ø©ØŸ
home.noWallet3,Phantom Wallet kullanmanÄ± Ã¶neririz. Phantom'u indir ve hemen Ã¶n satÄ±ÅŸa katÄ±l!,We suggest Phantom Wallet. Simply Download Phantom and Join the Presale,Phantom Walletì„ ì¶”ì²œí•©ë‹ˆë‹¤. Phantomì„ ë‹¤ìš´ë¡œë“œí•˜ê³  í”„ë¦¬ì„¸ì¼ì— ì°¸ì—¬í•˜ì„¸ìš”.,Ù†ÙˆØµÙŠ Ø¨Ù€ Ù…Ø­ÙØ¸Ø© Phantom. Ù…Ø§ Ø¹Ù„ÙŠÙƒ Ø³ÙˆÙ‰ ØªÙ†Ø²ÙŠÙ„ Phantom ÙˆØ§Ù„Ø§Ù†Ø¶Ù…Ø§Ù… Ø¥Ù„Ù‰ Ø§Ù„Ø¨ÙŠØ¹ Ø§Ù„Ù…Ø³Ø¨Ù‚.
home.noWallet4,1. PC veya mobil cihazÄ±na Phantom uygulamasÄ±nÄ± indir,1. Download for PC or Mobile Phantom App,PC ë˜ëŠ” ëª¨ë°”ì¼ì—ì„œ Phantom ì•± ë‹¤ìš´ë¡œë“œ,Ù¡. Ù‚Ù… Ø¨ØªÙ†Ø²ÙŠÙ„ ØªØ·Ø¨ÙŠÙ‚ Phantom Ù„Ù„ÙƒÙ…Ø¨ÙŠÙˆØªØ± Ø£Ùˆ Ø§Ù„Ù‡Ø§ØªÙ Ø§Ù„Ù…Ø­Ù…ÙˆÙ„
home.noWallet5,2. HesabÄ±nÄ± oluÅŸtur,2. Create your account,ê³„ì • ìƒì„±,Ù¢. Ø£Ù†Ø´Ø¦ Ø­Ø³Ø§Ø¨Ùƒ
home.noWallet6,3. Kart veya kripto ile uygulama iÃ§inden satÄ±n al,3. Buy in-app with card or crypto,ì•± ë‚´ì—ì„œ ì¹´ë“œ ë˜ëŠ” ì•”í˜¸í™”íë¡œ êµ¬ë§¤,Ù£. Ø§Ø´ØªØ±Ù Ø¯Ø§Ø®Ù„ Ø§Ù„ØªØ·Ø¨ÙŠÙ‚ Ø¨Ø§Ø³ØªØ®Ø¯Ø§Ù… Ø§Ù„Ø¨Ø·Ø§Ù‚Ø© Ø£Ùˆ Ø§Ù„Ø¹Ù…Ù„Ø§Øª Ø§Ù„Ø±Ù‚Ù…ÙŠØ©
home.presaleJoin1,$GOCAR SATIN AL,BUY $GOCAR,$GOCAR êµ¬ë§¤,Ø´Ø±Ø§Ø¡ $GOCAR
home.presaleJoin2,CÃ¼zdanÄ± BaÄŸla,Connect Wallet,ì§€ê°‘ ì—°ê²°,Ø§ØªØµÙ„ Ø¨Ø§Ù„Ù…Ø­ÙØ¸Ø©
home.presaleJoin3,$GOCAR satÄ±n almak iÃ§in cÃ¼zdanÄ±nÄ±zÄ± baÄŸlamanÄ±z gerekir. LÃ¼tfen aÅŸaÄŸÄ±daki seÃ§eneklerden birini seÃ§in.,"In order to buy $GOCAR you need to connect your wallet, please select your wallet from the options below.",$GOCARì„ êµ¬ë§¤í•˜ë ¤ë©´ ì§€ê°‘ì„ ì—°ê²°í•´ì•¼ í•©ë‹ˆë‹¤. ì•„ë˜ ì˜µì…˜ì—ì„œ ì›í•˜ëŠ” ì§€ê°‘ì„ ì„ íƒí•˜ì„¸ìš”.,Ù„Ø´Ø±Ø§Ø¡ $GOCARØŒ ØªØ­ØªØ§Ø¬ Ø¥Ù„Ù‰ ØªÙˆØµÙŠÙ„ Ù…Ø­ÙØ¸ØªÙƒØŒ ÙŠØ±Ø¬Ù‰ Ø§Ø®ØªÙŠØ§Ø± Ù…Ø­ÙØ¸ØªÙƒ Ù…Ù† Ø§Ù„Ø®ÙŠØ§Ø±Ø§Øª Ø£Ø¯Ù†Ø§Ù‡.
home.presaleJoin4,"EÄŸer zaten bir cÃ¼zdanÄ±nÄ±z varsa, aÅŸaÄŸÄ±daki seÃ§eneklerden istediÄŸinizi seÃ§in. EÄŸer cÃ¼zdanÄ±nÄ±z yoksa, Phantom Wallet kullanmanÄ±zÄ± Ã¶neririz. Phantom Walletâ€™Ä± indirerek hemen Ã¶n satÄ±ÅŸa katÄ±lÄ±n.","If you already have a wallet, select your desired wallet from the options below. If you don't have a wallet, we suggest Phantom Wallet. Simply Download Phantom Wallet and Join the Presale","ì´ë¯¸ ì§€ê°‘ì´ ìˆë‹¤ë©´, ì•„ë˜ ì˜µì…˜ì—ì„œ ì›í•˜ëŠ” ì§€ê°‘ì„ ì„ íƒí•˜ì„¸ìš”. ì§€ê°‘ì´ ì—†ë‹¤ë©´ Phantom Walletì„ ì¶”ì²œí•©ë‹ˆë‹¤. Phantom Walletì„ ë‹¤ìš´ë¡œë“œí•˜ê³  í”„ë¦¬ì„¸ì¼ì— ì°¸ì—¬í•˜ì„¸ìš”.",Ø¥Ø°Ø§ ÙƒØ§Ù† Ù„Ø¯ÙŠÙƒ Ù…Ø­ÙØ¸Ø© Ø¨Ø§Ù„ÙØ¹Ù„ØŒ ÙØ§Ø®ØªØ± Ø§Ù„Ù…Ø­ÙØ¸Ø© Ø§Ù„ØªÙŠ ØªØ±ÙŠØ¯Ù‡Ø§ Ù…Ù† Ø§Ù„Ø®ÙŠØ§Ø±Ø§Øª Ø£Ø¯Ù†Ø§Ù‡. Ø¥Ø°Ø§ Ù„Ù… ÙŠÙƒÙ† Ù„Ø¯ÙŠÙƒ Ù…Ø­ÙØ¸Ø©ØŒ Ù†ÙˆØµÙŠ Ø¨Ù€ Ù…Ø­ÙØ¸Ø© Phantom. Ù…Ø§ Ø¹Ù„ÙŠÙƒ Ø³ÙˆÙ‰ ØªÙ†Ø²ÙŠÙ„ Ù…Ø­ÙØ¸Ø© Phantom ÙˆØ§Ù„Ø§Ù†Ø¶Ù…Ø§Ù… Ø¥Ù„Ù‰ Ø§Ù„Ø¨ÙŠØ¹ Ø§Ù„Ù…Ø³Ø¨Ù‚.
home.presaleJoin5,CÃœZDANIM YOK,I DON'T HAVE A WALLET,ì§€ê°‘ì´ ì—†ìŠµë‹ˆë‹¤,Ù„ÙŠØ³ Ù„Ø¯ÙŠ Ù…Ø­ÙØ¸Ø©
home.presalePurchase1,$GOCAR Ã–N SATIÅINI SATIN AL,BUY $GOCAR PRESALE,$GOCAR í”„ë¦¬ì„¸ì¼ êµ¬ë§¤,Ø´Ø±Ø§Ø¡ $GOCAR ÙÙŠ Ø§Ù„Ø¨ÙŠØ¹ Ø§Ù„Ù…Ø³Ø¨Ù‚
home.presalePurchase10,MAKS,MAX,MAX,Ø§Ù„Ø­Ø¯ Ø§Ù„Ø£Ù‚ØµÙ‰
home.presalePurchase11,ALACAÄIN $GOCAR,$GOCAR YOU RECEIVE,ë°›ì„ $GOCAR,$GOCAR Ø§Ù„Ø°ÙŠ Ø³ØªØªÙ„Ù‚Ø§Ù‡
home.presalePurchase12,Ã–N SATIÅ BONUS Ã–DÃœLLERÄ°,"PRESALE BONUS REWARDS,",í”„ë¦¬ì„¸ì¼ ë³´ë„ˆìŠ¤ ë¦¬ì›Œë“œ,Ù…ÙƒØ§ÙØ¢Øª Ø§Ù„Ø¨ÙˆÙ†Øµ ÙÙŠ Ø§Ù„Ø¨ÙŠØ¹ Ø§Ù„Ù…Ø³Ø¨Ù‚:
home.presalePurchase13,$1.000 Ãœzeri: %5 Bonus,"Over $1,000 : 5% Bonus,","$1,000 ì´ìƒ êµ¬ë§¤ ì‹œ: 5% ë³´ë„ˆìŠ¤","Ø£ÙƒØ«Ø± Ù…Ù† $1,000 : Ù¥Ùª Ù…ÙƒØ§ÙØ£Ø©"
home.presalePurchase14,$2.000 Ãœzeri: %7 Bonus,"Over $2000 : 7% Bonus,","$2,000 ì´ìƒ êµ¬ë§¤ ì‹œ: 7% ë³´ë„ˆìŠ¤","Ø£ÙƒØ«Ø± Ù…Ù† $2,000 : Ù§Ùª Ù…ÙƒØ§ÙØ£Ø©"
home.presalePurchase15,$10.000 Ãœzeri: %10 Bonus,"Over $10,000 : 10% Bonus,","$10,000 ì´ìƒ êµ¬ë§¤ ì‹œ: 10% ë³´ë„ˆìŠ¤","Ø£ÙƒØ«Ø± Ù…Ù† $10,000 : Ù¡Ù Ùª Ù…ÙƒØ§ÙØ£Ø©"
home.presalePurchase16,Referans: %5 Bonus,Referral : 5% Bonus,ì¶”ì²œ ë³´ë„ˆìŠ¤: 5% ë³´ë„ˆìŠ¤,Ø§Ù„Ø¥Ø­Ø§Ù„Ø©: Ù¥Ùª Ù…ÙƒØ§ÙØ£Ø©
home.presalePurchase2,BÄ°R SONRAKÄ° FÄ°YAT ARTIÅINA KADAR,UNTIL NEXT PRICE INCREASE,ë‹¤ìŒ ê°€ê²© ì¸ìƒê¹Œì§€,Ø­ØªÙ‰ Ø§Ù„Ø²ÙŠØ§Ø¯Ø© Ø§Ù„ØªØ§Ù„ÙŠØ© ÙÙŠ Ø§Ù„Ø³Ø¹Ø±
home.presalePurchase3,GÃ¼n,Days,ì¼,Ø£ÙŠØ§Ù…
home.presalePurchase4,Saat,Hours,ì‹œê°„,Ø³Ø§Ø¹Ø§Øª
home.presalePurchase5,Dakika,Minutes,ë¶„,Ø¯Ù‚Ø§Ø¦Ù‚
home.presalePurchase6,Saniye,Seconds,ì´ˆ,Ø«ÙˆØ§Ù†Ù
home.presalePurchase7,SATIN ALDIÄINIZ $GOCAR,YOUR PURCHASED $GOCAR,êµ¬ë§¤í•œ $GOCAR,$GOCAR Ø§Ù„Ø°ÙŠ Ø§Ø´ØªØ±ÙŠØªÙ‡ØŒ
home.presalePurchase8,STAKING YAPILABÄ°LÄ°R $GOCAR,YOUR STAKEABLE $GOCAR,ìŠ¤í…Œì´í‚¹ ê°€ëŠ¥í•œ $GOCAR,$GOCAR Ø§Ù„Ù‚Ø§Ø¨Ù„ Ù„Ù„ØªØ®Ø²ÙŠÙ†
home.presalePurchase9,{0} Ä°LE Ã–DE,PAY WITH {0},{0} ê²°ì œ,Ø¯ÙØ¹ {0}
home.whitepaper1,WHITEPAPER,WHITEPAPER,ë°±ì„œ,Ø§Ù„ÙˆØ±Ù‚Ø© Ø§Ù„Ø¨ÙŠØ¶Ø§Ø¡
howToBuy.a1,GOCAR Token NasÄ±l SatÄ±n AlÄ±nÄ±r?,How To Buy GOCAR Token,GOCAR í† í° êµ¬ë§¤ ë°©ë²•,ÙƒÙŠÙÙŠØ© Ø´Ø±Ø§Ø¡ Ø±Ù…Ø² $GOCAR
howToBuy.b1,CÃ¼zdan Edinin,Get Wallet,ì§€ê°‘ ìƒì„±í•˜ê¸°,Ø§Ø­ØµÙ„ Ø¹Ù„Ù‰ Ù…Ø­ÙØ¸Ø©
howToBuy.b2,"Guardians'Ä±n zaten cÃ¼zdanÄ± var mÄ±? ğŸ¤” Yoksa, Phantom Wallet ya da herhangi bir popÃ¼ler cÃ¼zdan uygulamasÄ±nÄ± deneyin.","Do Guardians already have wallets? ğŸ¤” But if not, try Phantom Wallet or any popular wallet app.","ê°€ë””ì–¸ë“¤ì€ ì´ë¯¸ ì§€ê°‘ì´ ìˆë‚˜ìš”? ğŸ¤” ë§Œì•½ ì—†ë‹¤ë©´, Phantom Wallet ë˜ëŠ” ì¸ê¸° ìˆëŠ” ì§€ê°‘ ì•±ì„ ì‚¬ìš©í•´ë³´ì„¸ìš”.",Ù‡Ù„ ÙŠÙ…ØªÙ„Ùƒ Ø§Ù„Ø­Ø±Ø§Ø³ Ù…Ø­Ø§ÙØ¸ Ø¨Ø§Ù„ÙØ¹Ù„ØŸ ğŸ¤” Ù„ÙƒÙ† Ø¥Ù† Ù„Ù… ÙŠÙƒÙ† Ù„Ø¯ÙŠÙƒ ÙˆØ§Ø­Ø¯Ø©ØŒ Ø¬Ø±Ù‘Ø¨ Ù…Ø­ÙØ¸Ø© Phantom Ø£Ùˆ Ø£ÙŠ ØªØ·Ø¨ÙŠÙ‚ Ù…Ø­ÙØ¸Ø© Ø´Ù‡ÙŠØ± Ø¢Ø®Ø±.
howToBuy.c1,CÃ¼zdanÄ± Fonla,Fund Wallet,ì§€ê°‘ ì¶©ì „í•˜ê¸°,ØªÙ…ÙˆÙŠÙ„ Ø§Ù„Ù…Ø­ÙØ¸Ø©
howToBuy.c2,"$GOCAR token'larÄ±yla takas yapmak iÃ§in cÃ¼zdanÄ±na ETH, SOL, BNB veya USDT yÃ¼kle.","Load ETH, SOL, BNB, or USDT to your wallet to swap for $GOCAR tokens. Send a little extra ETH, SOL or BNB to pay for gas fees.","ETH, SOL, BNB ë˜ëŠ” USDTë¥¼ ì§€ê°‘ì— ì¶©ì „í•˜ì—¬ $GOCAR í† í°ìœ¼ë¡œ êµí™˜í•˜ì„¸ìš”. ê±°ë˜ ìˆ˜ìˆ˜ë£Œ(ê°€ìŠ¤ë¹„)ë¥¼ ìœ„í•´ ì•½ê°„ì˜ ETH, SOL ë˜ëŠ” BNBë¥¼ ì¶”ê°€ë¡œ ì¶©ì „í•˜ëŠ” ê²ƒì´ ì¢‹ìŠµë‹ˆë‹¤.",Ù‚Ù… Ø¨Ø´Ø­Ù† Ù…Ø­ÙØ¸ØªÙƒ Ø¨Ù€ ETH Ø£Ùˆ SOL Ø£Ùˆ BNB Ø£Ùˆ USDT Ù„ØªØªÙ…ÙƒÙ† Ù…Ù† Ø§Ø³ØªØ¨Ø¯Ø§Ù„Ù‡Ø§ Ø¨Ø±Ù…ÙˆØ² $GOCAR.
howToBuy.d1,SatÄ±n Al & Stake Et,Buy & Stake,êµ¬ë§¤ & ìŠ¤í…Œì´í‚¹,Ø´Ø±Ø§Ø¡ ÙˆØªØ®Ø²ÙŠÙ†
howToBuy.d2,$GOCAR satÄ±n almak iÃ§in cÃ¼zdanÄ±nÄ± siteye baÄŸla. Ã–deme yÃ¶ntemini ve satÄ±n almak istediÄŸin miktarÄ± seÃ§. Ä°ÅŸlemi onayla.,"To purchase $GOCAR, connect your wallet to the site. Select payment method and amount to buy. Confirm the transaction. Stake your $GOCAR if you want that sweet APY!",$GOCARì„ êµ¬ë§¤í•˜ë ¤ë©´ ì§€ê°‘ì„ ì‚¬ì´íŠ¸ì— ì—°ê²°í•˜ì„¸ìš”. ê²°ì œ ë°©ë²•ê³¼ êµ¬ë§¤ ê¸ˆì•¡ì„ ì„ íƒí•œ í›„ ê±°ë˜ë¥¼ í™•ì¸í•˜ì„¸ìš”.,Ù„Ø´Ø±Ø§Ø¡ $GOCARØŒ Ù‚Ù… Ø¨ØªÙˆØµÙŠÙ„ Ù…Ø­ÙØ¸ØªÙƒ Ø¨Ø§Ù„Ù…ÙˆÙ‚Ø¹. Ø§Ø®ØªØ± Ø·Ø±ÙŠÙ‚Ø© Ø§Ù„Ø¯ÙØ¹ ÙˆØ§Ù„Ù…Ø¨Ù„Øº Ø§Ù„Ø°ÙŠ ØªØ±ÙŠØ¯ Ø´Ø±Ø§Ø¡Ù‡ØŒ Ø«Ù… Ø£ÙƒØ¯ Ø§Ù„Ù…Ø¹Ø§Ù…Ù„Ø©.
howToBuy.e1,Toplam Token ArzÄ±,Token Supply,ì´ í† í° ê³µê¸‰ëŸ‰,ØªÙˆØ±ÙŠØ¯ Ø§Ù„Ø±Ù…Ø²
howToBuy.e2,40.000.000.000 $GOCAR,"40,000,000,000 $GOCAR","40,000,000,000 $GOCAR","Ù¤Ù ,Ù Ù Ù ,Ù Ù Ù ,Ù Ù Ù  $GOCAR"
howToBuy.f1,"Baba, Bitcoin eski moda... $GOCAR yeni altÄ±n!","Dad, Bitcoin is old news... $GOCAR is the new gold!","ì•„ë¹ , ë¹„íŠ¸ì½”ì¸ì€ ëŠ¦ì—ˆì–´ìš”... $GOCAR ê°€ ìƒˆë¡œìš´ ê¸ˆì´ë¼ê³ ìš”!",Ø£Ø¨ÙŠØŒ Ø§
referral.a1,DAVET ETTÄ°KLERÄ°M,MY INVITED,ë‚´ê°€ ì´ˆëŒ€í•œ ì‚¬ëŒ,Ù…Ø¯Ø¹ÙˆÙ‘ÙŠÙ‘Ù
referral.a2,Referans kodunu gir,Enter referral code,ì¶”ì²œ ì½”ë“œ ì…ë ¥,Ø£Ø¯Ø®Ù„ Ø±Ù…Ø² Ø§Ù„Ø¥Ø­Ø§Ù„Ø©
referral.a3,CÃ¼zdanÄ± BaÄŸla,Connect Wallet,ì§€ê°‘ ì—°ê²°,ØªÙˆØµÙŠÙ„ Ø§Ù„Ù…Ø­ÙØ¸Ø©
referral.b1,ARKADAÅLARINI DAVET ET VE %{0} KAZAN!,INVITE YOUR FRIENDS AND EARN {0}%,ì¹œêµ¬ë¥¼ ì´ˆëŒ€í•˜ê³  {0}% ë³´ìƒ ë°›ìœ¼ì„¸ìš”,Ø§Ø¯Ø¹Ù Ø£ØµØ¯Ù‚Ø§Ø¦Ùƒ ÙˆØ§Ø±Ø¨Ø­ {0}Ùª
referral.c1,$GOCAR LansmanÄ±ndan Sonra,After Launch in $GOCAR,$GOCAR ì¶œì‹œ í›„,Ù¢) Ø¨Ø¹Ø¯ Ø§Ù„Ø¥Ø·Ù„Ø§Ù‚ ÙÙŠ $GOCAR
roadmap.a1,GOCAR Yol HaritasÄ±,GOCAR Roadmap,GOCAR ë¡œë“œë§µ,Ø®Ø±ÙŠØ·Ø© Ø·Ø±ÙŠÙ‚ GOCAR
roadmap.b1,AÅŸama 1: Denetim & Halka AÃ§Ä±k Ã–n SatÄ±ÅŸ,Phase 1 : Audit & Public Presale,1ë‹¨ê³„: ê°ì‚¬ & í¼ë¸”ë¦­ í”„ë¦¬ì„¸ì¼,Ø§Ù„Ù…Ø±Ø­Ù„Ø© Ù¡: Ø§Ù„ØªØ¯Ù‚ÙŠÙ‚ ÙˆØ§Ù„Ø¨ÙŠØ¹ Ø§Ù„Ù…Ø³Ø¨Ù‚ Ø§Ù„Ø¹Ø§Ù…
roadmap.b2,Token'in bÃ¼tÃ¼nlÃ¼ÄŸÃ¼nÃ¼ bir denetimle saÄŸlayacaÄŸÄ±z ve kÃ¼resel bir pazarlama kampanyasÄ±yla $GOCAR'Ä± dÃ¼nya Ã§apÄ±ndaki Guardians'lara tanÄ±tacaÄŸÄ±z.,We will ensure the integrity of the token through an audit and promote $GOCAR to Guardians worldwide with a global marketing campaign.,"ìš°ë¦¬ëŠ” ê°ì‚¬ë¥¼ í†µí•´ í† í°ì˜ ì‹ ë¢°ì„±ê³¼ ì•ˆì „ì„±ì„ í™•ë³´í•˜ê³ , ê¸€ë¡œë²Œ ë§ˆì¼€íŒ… ìº í˜ì¸ì„ í†µí•´ ì „ ì„¸ê³„ ê°€ë””ì–¸ë“¤ì—ê²Œ $GOCARì„ í™ë³´í•  ê²ƒì…ë‹ˆë‹¤.",Ø³ÙˆÙ Ù†Ø¶Ù…Ù† Ù†Ø²Ø§Ù‡Ø© Ø§Ù„Ø±Ù…Ø² Ù…Ù† Ø®Ù„Ø§Ù„ Ø§Ù„ØªØ¯Ù‚ÙŠÙ‚ØŒ ÙˆÙ†Ø¹Ù…Ù„ Ø¹Ù„Ù‰ Ø§Ù„ØªØ±ÙˆÙŠØ¬ Ù„Ù€ GOCAR Ø¹Ø§Ù„Ù…ÙŠÙ‹Ø§ Ù„Ø¬Ø°Ø¨ Ø§Ù„Ø­Ø±Ø§Ø³ ÙÙŠ Ø¬Ù…ÙŠØ¹ Ø£Ù†Ø­Ø§Ø¡ Ø§Ù„Ø¹Ø§Ù„Ù… Ø¹Ø¨Ø± Ø­Ù…Ù„Ø© ØªØ³ÙˆÙŠÙ‚ÙŠØ© Ø¹Ø§Ù„Ù…ÙŠØ©.
roadmap.c1,AÅŸama 2: Hizmet LansmanÄ±,Phase 2 : Service Launch,2ë‹¨ê³„: ì„œë¹„ìŠ¤ ì¶œì‹œ,Ø§Ù„Ù…Ø±Ø­Ù„Ø© Ù¢: Ø¥Ø·Ù„Ø§Ù‚ Ø§Ù„Ø®Ø¯Ù…Ø§Øª
roadmap.c2,"Bu, sadece bir baÅŸka meme projesi deÄŸil. $GOCAR ekosisteminde gerÃ§ek bir etki yaratmak ve bÃ¼yÃ¼k bir bÃ¼yÃ¼me saÄŸlamak iÃ§in aÅŸaÄŸÄ±daki hizmetleri baÅŸlatÄ±yoruz:",This is not just another meme project. We are launching the following services to make a real impact and drive massive growth for the $GOCAR ecosystem.,ì´ê²ƒì€ ë‹¨ìˆœí•œ ë°ˆ í”„ë¡œì íŠ¸ê°€ ì•„ë‹™ë‹ˆë‹¤. ìš°ë¦¬ëŠ” $GOCAR ìƒíƒœê³„ì— ì‹¤ì§ˆì ì¸ ì˜í–¥ì„ ë¯¸ì¹˜ê³  í­ë°œì ì¸ ì„±ì¥ì„ ì´‰ì§„í•˜ê¸° ìœ„í•´ ë‹¤ìŒê³¼ ê°™ì€ ì„œë¹„ìŠ¤ë¥¼ ì¶œì‹œí•©ë‹ˆë‹¤.,Ù‡Ø°Ø§ Ù„ÙŠØ³ Ù…Ø¬Ø±Ø¯ Ù…Ø´Ø±ÙˆØ¹ Ù…ÙŠÙ… Ø¢Ø®Ø±. Ù†Ø­Ù† Ù†Ø·Ù„Ù‚ Ø§Ù„Ø®Ø¯Ù…Ø§Øª Ø§Ù„ØªØ§Ù„ÙŠØ© Ù„Ø¥Ø­Ø¯Ø§Ø« ØªØ£Ø«ÙŠØ± Ø­Ù‚ÙŠÙ‚ÙŠ ÙˆØªØ­Ù‚ÙŠÙ‚ Ù†Ù…Ùˆ Ù‡Ø§Ø¦Ù„ ÙÙŠ Ù†Ø¸Ø§Ù… GOCAR Ø§Ù„Ø¨ÙŠØ¦ÙŠ: AI AgentØŒ G2E (Guardians to Earn)ØŒ StakingØŒ Node.
roadmap.c3,"AI Agent, G2E (Guardians to Earn), Staking, Node",":  AIAgent, G2E(Guardians to Earn), Staking, Node","AIAgent, G2E(Guardians to Earn), ìŠ¤í…Œì´í‚¹, ë…¸ë“œ",
roadmap.d1,AÅŸama 3: $GOCAR Token LansmanÄ±!,Phase 3 : $GOCAR Token Launching!,3ë‹¨ê³„: $GOCAR í† í° ì¶œì‹œ!,Ø§Ù„Ù…Ø±Ø­Ù„Ø© Ù£: Ø¥Ø·Ù„Ø§Ù‚ Ø±Ù…Ø² $GOCAR!
roadmap.d2,"Token taleplerini iÅŸleme alacak, lansman yapacak ve bÃ¼yÃ¼k kÃ¼resel DEX & CEX platformlarÄ±nda listeleneceÄŸiz.","We will proceed with token claims, launch, and listings on major global DEX & CEX.","ìš°ë¦¬ëŠ” í† í° í´ë ˆì„, ê³µì‹ ì¶œì‹œ, ê·¸ë¦¬ê³  ê¸€ë¡œë²Œ ì£¼ìš” DEX & CEX ìƒì¥ì„ ì§„í–‰í•  ì˜ˆì •ì…ë‹ˆë‹¤.",Ø³Ù†Ù…Ø¶ÙŠ Ù‚Ø¯Ù…Ù‹Ø§ ÙÙŠ Ø¹Ù…Ù„ÙŠØ§Øª Ø§Ù„Ù…Ø·Ø§Ù„Ø¨Ø© Ø¨Ø§Ù„Ø±Ù…ÙˆØ²ØŒ ÙˆØ§Ù„Ø¥Ø·Ù„Ø§Ù‚ØŒ ÙˆØ§Ù„Ø¥Ø¯Ø±Ø§Ø¬ ÙÙŠ Ø£Ù‡Ù… Ù…Ù†ØµØ§Øª Ø§Ù„ØªØ¯Ø§ÙˆÙ„ Ø§Ù„Ù„Ø§Ù…Ø±ÙƒØ²ÙŠØ© (DEX) ÙˆØ§Ù„Ù…Ø±ÙƒØ²ÙŠØ© (CEX) Ø§Ù„Ø¹Ø§Ù„Ù…ÙŠØ©.
roadmap.d3,SÃ¼rekli hizmet lansmanlarÄ± ve geniÅŸletilmiÅŸ pazarlama Ã§abalarÄ±yla GOCAR Guardians dÃ¼nyasÄ±nÄ± bÃ¼yÃ¼teceÄŸiz,"Through continuous service launches and expanded marketing efforts, we will expand the world of GOCAR Guardians",ì§€ì†ì ì¸ ì„œë¹„ìŠ¤ ì¶œì‹œì™€ í™•ì¥ëœ ë§ˆì¼€íŒ… ì „ëµì„ í†µí•´ GOCAR ê°€ë””ì–¸ì˜ ì„¸ê³„ë¥¼ ë”ìš± ë„“í˜€ê°ˆ ê²ƒì…ë‹ˆë‹¤.,Ù…Ù† Ø®Ù„Ø§Ù„ Ø¥Ø·Ù„Ø§Ù‚ Ø§Ù„Ø®Ø¯Ù…Ø§Øª Ø§Ù„Ù…Ø³ØªÙ…Ø± ÙˆØªÙˆØ³ÙŠØ¹ Ø§Ù„Ø¬Ù‡ÙˆØ¯ Ø§Ù„ØªØ³ÙˆÙŠÙ‚ÙŠØ©ØŒ Ø³Ù†Ø¹Ù…Ù„ Ø¹Ù„Ù‰ ØªÙˆØ³ÙŠØ¹ Ø¹Ø§Ù„Ù… Ø­Ø±Ø§Ø³ GOCAR.
roadmap.e1,AÅŸama 4: KazasÄ±z ve Sorunsuz Bir Mobilite Ekosistemi Kurmak,Phase 4: Building a Mobility Ecosystem Free from Accidents & Inconvenience,4ë‹¨ê³„: ì‚¬ê³ ì™€ ë¶ˆí¸í•¨ì´ ì—†ëŠ” ëª¨ë¹Œë¦¬í‹° ìƒíƒœê³„ êµ¬ì¶•,Ø§Ù„Ù…Ø±Ø­Ù„Ø© Ù¤: Ø¨Ù†Ø§Ø¡ Ù†Ø¸Ø§Ù… ØªÙ†Ù‚Ù„ Ø®Ø§Ù„Ù Ù…Ù† Ø§Ù„Ø­ÙˆØ§Ø¯Ø« ÙˆØ§Ù„Ù…ØªØ§Ø¹Ø¨
roadmap.e2,"Guardians'Ä±n desteÄŸiyle, yapay zeka destekli bir kaza Ã¶nleme ve araÃ§ veri analizi sistemi kuracaÄŸÄ±z.","With the support of our Guardians, we will establish an AI-driven accident prevention and vehicle data analysis system.",ê°€ë””ì–¸ë“¤ì˜ ì§€ì›ê³¼ í•¨ê»˜ AI ê¸°ë°˜ ì‚¬ê³  ì˜ˆë°© ë° ì°¨ëŸ‰ ë°ì´í„° ë¶„ì„ ì‹œìŠ¤í…œì„ êµ¬ì¶•í•  ê²ƒì…ë‹ˆë‹¤.,Ø¨Ø¯Ø¹Ù… Ù…Ù† Ø­Ø±Ø§Ø³Ù†Ø§ØŒ Ø³Ù†Ù‚ÙˆÙ… Ø¨Ø¥Ù†Ø´Ø§Ø¡ Ù†Ø¸Ø§Ù… Ù‚Ø§Ø¦Ù… Ø¹Ù„Ù‰ Ø§Ù„Ø°ÙƒØ§Ø¡ Ø§Ù„Ø§ØµØ·Ù†Ø§Ø¹ÙŠ Ù„Ù…Ù†Ø¹ Ø§Ù„Ø­ÙˆØ§Ø¯Ø« ÙˆØªØ­Ù„ÙŠÙ„ Ø¨ÙŠØ§Ù†Ø§Øª Ø§Ù„Ù…Ø±ÙƒØ¨Ø§Øª.
roadmap.e3,"Tesla, Toyota ve Lamborghini gibi kÃ¼resel mobilite liderleriyle yapacaÄŸÄ±mÄ±z iÅŸ birlikleri sayesinde, dÃ¼nya Ã§apÄ±ndaki sÃ¼rÃ¼cÃ¼ler iÃ§in daha gÃ¼venli ve daha konforlu hizmetler sunacaÄŸÄ±z.","Through partnerships with global mobility leaders such as Tesla, Toyota, and Lamborghini, we will introduce safer and more convenient services for drivers worldwide.","ë˜í•œ, Tesla, Toyota, Lamborghiniì™€ ê°™ì€ ê¸€ë¡œë²Œ ëª¨ë¹Œë¦¬í‹° ë¦¬ë”ë“¤ê³¼ í˜‘ë ¥í•˜ì—¬ ì „ ì„¸ê³„ ìš´ì „ìë“¤ì—ê²Œ ë” ì•ˆì „í•˜ê³  í¸ë¦¬í•œ ì„œë¹„ìŠ¤ë¥¼ ì œê³µí•  ê³„íšì…ë‹ˆë‹¤.",Ù…Ù† Ø®Ù„Ø§Ù„ Ø´Ø±Ø§ÙƒØ§Øª Ù…Ø¹ Ù‚Ø§Ø¯Ø© Ø§Ù„ØªÙ†Ù‚Ù„ Ø§Ù„Ø¹Ø§Ù„Ù…ÙŠÙŠÙ† Ù…Ø«Ù„ Tesla ÙˆToyota ÙˆLamborghiniØŒ Ø³Ù†Ù‚Ø¯Ù… Ø®Ø¯Ù…Ø§Øª Ø£ÙƒØ«Ø± Ø£Ù…Ø§Ù†Ù‹Ø§ ÙˆØ±Ø§Ø­Ø© Ù„Ù„Ø³Ø§Ø¦Ù‚ÙŠÙ† Ø­ÙˆÙ„ Ø§Ù„Ø¹Ø§Ù„Ù….
roadmap.f1,Yasal UyarÄ±:,Disclaimer:,ë©´ì±… ì¡°í•­: ,Ø¥Ø®Ù„Ø§Ø¡ Ø§Ù„Ù…Ø³Ø¤ÙˆÙ„ÙŠØ©: Ù‚Ù… Ø¯Ø§Ø¦Ù…Ù‹Ø§ Ø¨Ø¥Ø¬Ø±Ø§Ø¡ Ø£Ø¨Ø­Ø§Ø«Ùƒ Ø§Ù„Ø®Ø§ØµØ©. Ù„Ø§ ÙŠÙØ¹Ø¯ Ø£ÙŠ Ù…Ù…Ø§ Ù‡Ùˆ Ù…Ø¹Ø±ÙˆØ¶ Ù‡Ù†Ø§ Ù†ØµÙŠØ­Ø© Ù…Ø§Ù„ÙŠØ©. Ù‡Ø°Ù‡ Ø¹Ù…Ù„Ø© Ù…ÙŠÙ…ØŒ ÙˆÙØ¬Ø¯Øª Ù„Ù„Ù…ØªØ¹Ø© ÙˆØ§Ù„ØªØ±ÙÙŠÙ‡ ÙÙ‚Ø·.
roadmap.g1,"Her zaman kendi araÅŸtÄ±rmanÄ±zÄ± yapÄ±n. Burada sunulan hiÃ§bir ÅŸey finansal tavsiye niteliÄŸi taÅŸÄ±mamaktadÄ±r. Bu, eÄŸlence ve keyif amacÄ±yla oluÅŸturulmuÅŸ bir meme coin'dir. Guardians asla frene basmaz! ğŸš€ $GOCAR ile servetini turbo ÅŸarj et!","Always do your own research. Nothing presented here constitutes financial advice. This is a meme coin, intended for fun and entertainment. ""Guardians never hit the brakes! ğŸš€ Turbocharge your wealth with $GOCAR!""","í•­ìƒ ìŠ¤ìŠ¤ë¡œ ì¡°ì‚¬í•˜ì„¸ìš”. ì—¬ê¸°ì— ì œê³µëœ ëª¨ë“  ì •ë³´ëŠ” ì¬ì •ì  ì¡°ì–¸ì´ ì•„ë‹™ë‹ˆë‹¤. ì´ê²ƒì€ ì˜¤ì§ ì¬ë¯¸ì™€ ì—”í„°í…Œì¸ë¨¼íŠ¸ë¥¼ ìœ„í•œ ë°ˆì½”ì¸ì…ë‹ˆë‹¤. ""ê°€ë””ì–¸ì€ ì ˆëŒ€ ë¸Œë ˆì´í¬ë¥¼ ë°Ÿì§€ ì•ŠìŠµë‹ˆë‹¤! ğŸš€ $GOCARë¡œ ë‹¹ì‹ ì˜ ë¶€ë¥¼ í„°ë³´ì°¨ì§€í•˜ì„¸ìš”!""","""Ø§Ù„Ø§ÙˆØµÙŠØ§Ø¡ Ù„Ø§ ÙŠØ¶ØºØ·ÙˆÙ† Ø¹Ù„Ù‰ Ø§Ù„ÙØ±Ø§Ù…Ù„! ğŸš€ Ø¹Ø²Ø² Ø«Ø±ÙˆØªÙƒ Ù…Ø¹ $GOCAR!"""
staking.a1,GOCAR TOKEN STAKING,GOCAR TOKEN STAKING,GOCAR í† í° ìŠ¤í…Œì´í‚¹,ØªØ®Ø²ÙŠÙ† Ø±Ù…Ø² GOCAR
staking.a2,"GOCAR token'larÄ±nÄ±zÄ± stake etmeye hazÄ±r mÄ±sÄ±nÄ±z? Stake Ã¶dÃ¼lleri, dinamik bir Ã¶dÃ¼l oranÄ±yla Ã¼Ã§ yÄ±l boyunca daÄŸÄ±tÄ±lacaktÄ±r.",Ready to stake your GOCAR tokens? Staking rewards are distributed over three years with a dynamic reward rate.,$GOCAR í† í°ì„ ìŠ¤í…Œì´í‚¹í•  ì¤€ë¹„ê°€ ë˜ì…¨ë‚˜ìš”? ìŠ¤í…Œì´í‚¹ ë³´ìƒì€ 3ë…„ì— ê±¸ì³ ë™ì  ë³´ìƒ ë¹„ìœ¨ë¡œ ë¶„ë°°ë©ë‹ˆë‹¤.,Ù‡Ù„ Ø£Ù†Øª Ù…Ø³ØªØ¹Ø¯ Ù„ØªØ®Ø²ÙŠÙ† Ø±Ù…ÙˆØ² GOCAR Ø§Ù„Ø®Ø§ØµØ© Ø¨ÙƒØŸ
staking.b1,Tokenlerinizi unstake edin,Unstake Your Tokens,í† í° ì–¸ìŠ¤í…Œì´í‚¹,Ø¥Ù„ØºØ§Ø¡ ØªØ®Ø²ÙŠÙ† Ø±Ù…ÙˆØ²Ùƒ
staking.b2,TOKENLERÄ°NÄ°ZÄ° UNSTAKE EDÄ°N,UNSTAKE YOUR TOKENS,í† í° ì–¸ìŠ¤í…Œì´í‚¹,Ø¥Ù„ØºØ§Ø¡ ØªØ®Ø²ÙŠÙ† Ø§Ù„Ø±Ù…ÙˆØ²
staking.b3,"Unstaking, Ã¶n satÄ±ÅŸ tamamlandÄ±ktan sonra mevcut olacaktÄ±r.",Unstaking will be available after the presale has concluded.,ì–¸ìŠ¤í…Œì´í‚¹ì€ í”„ë¦¬ì„¸ì¼ ì¢…ë£Œ í›„ ê°€ëŠ¥í•´ì§‘ë‹ˆë‹¤.,Ø³ÙŠÙƒÙˆÙ† Ø¥Ù„ØºØ§Ø¡ Ø§Ù„ØªØ®Ø²ÙŠÙ† Ù…ØªØ§Ø­Ù‹Ø§ Ø¨Ø¹Ø¯ Ø§Ù†ØªÙ‡Ø§Ø¡ Ø§Ù„Ø¨ÙŠØ¹ Ø§Ù„Ù…Ø³Ø¨Ù‚.
staking.b4,"Ã‡ekimler, talep tarihinden 7 gÃ¼n sonra gerÃ§ekleÅŸtirilebilir.",Withdrawals can be made 7 days after the request date.,ì¶œê¸ˆì€ ìš”ì²­ì¼ë¡œë¶€í„° 7ì¼ í›„ì— ê°€ëŠ¥í•©ë‹ˆë‹¤.,ÙŠÙ…ÙƒÙ†Ùƒ Ø³Ø­Ø¨ Ø§Ù„Ø±Ù…ÙˆØ² Ø¨Ø¹Ø¯ Ù§ Ø£ÙŠØ§Ù… Ù…Ù† ØªØ§Ø±ÙŠØ® ØªÙ‚Ø¯ÙŠÙ… Ø§Ù„Ø·Ù„Ø¨.
staking.c1,STAKED BAKÄ°YE,STAKED BALANCE,ìŠ¤í…Œì´í‚¹ëœ ì”ì•¡,Ø±ØµÙŠØ¯ Ø§Ù„ØªØ®Ø²ÙŠÙ†
staking.c10,$GOCAR STAKE ET,STAKE $GOCAR,$GOCAR ìŠ¤í…Œì´í‚¹,ØªØ®Ø²ÙŠÙ† $GOCAR
staking.c11,YukarÄ±da belirtilen $GOCAR miktarÄ±nÄ± stake etmek Ã¼zeresiniz. Devam etmek istiyor musunuz?,You're about to stake the $GOCAR amount shown above. Would you like to proceed?,ìœ„ì— í‘œì‹œëœ $GOCAR ìˆ˜ëŸ‰ì„ ìŠ¤í…Œì´í‚¹í•˜ë ¤ê³  í•©ë‹ˆë‹¤. ê³„ì† ì§„í–‰í•˜ì‹œê² ìŠµë‹ˆê¹Œ?,Ø£Ù†Øª Ø¹Ù„Ù‰ ÙˆØ´Ùƒ ØªØ®Ø²ÙŠÙ† ÙƒÙ…ÙŠØ© $GOCAR Ø§Ù„Ù…ÙˆØ¶Ø­Ø© Ø£Ø¹Ù„Ø§Ù‡. Ù‡Ù„ ØªØ±ØºØ¨ ÙÙŠ Ø§Ù„Ù…ØªØ§Ø¨Ø¹Ø©ØŸ
staking.c12,ONAYLA,CONFIRM,í™•ì¸,ØªØ£ÙƒÙŠØ¯
staking.c13,Ä°PTAL ET,CANCEL,ì·¨ì†Œ,Ø¥Ù„ØºØ§Ø¡
staking.c2,STAKE EDÄ°LEBÄ°LÄ°R,AVAILABLE TO STAKE,ìŠ¤í…Œì´í‚¹ ê°€ëŠ¥,Ù…ØªØ§Ø­ Ù„Ù„ØªØ®Ø²ÙŠÙ†
staking.c3,SATIN AL VE STAKE ET,BUY AND STAKE,êµ¬ë§¤ ë° ìŠ¤í…Œì´í‚¹,Ø´Ø±Ø§Ø¡ ÙˆØªØ®Ø²ÙŠÙ†
staking.c4,$GOCAR SATIN AL VE STAKE ET,BUY AND STAKE $GOCAR,$GOCAR êµ¬ë§¤ ë° ìŠ¤í…Œì´í‚¹,Ø´Ø±Ø§Ø¡ ÙˆØªØ®Ø²ÙŠÙ† $GOCAR
staking.c5,$GOCAR miktarÄ±nÄ± girin,Enter $GOCAR amount,$GOCAR ìˆ˜ëŸ‰ ì…ë ¥,Ø£Ø¯Ø®Ù„ ÙƒÙ…ÙŠØ© $GOCAR
staking.c6,MÄ°KTAR,AMOUNT,ìˆ˜ëŸ‰,Ø§Ù„Ù…Ø¨Ù„Øº
staking.c7,TÃœMÃœ,ALL,ì „ì²´,Ø§Ù„ÙƒÙ„
staking.c8,$GOCAR SATIN AL,BUY $GOCAR,$GOCAR êµ¬ë§¤,Ø´Ø±Ø§Ø¡ $GOCAR
staking.c9,$GOCAR STAKE ET,STAKE $GOCAR,$GOCAR ìŠ¤í…Œì´í‚¹,ØªØ®Ø²ÙŠÙ† $GOCAR
staking.d1,HAVUZDAKÄ° PAYINIZ %,YOUR % OF POOL,ë‹¹ì‹ ì˜ í’€ ë¹„ìœ¨,Ù†Ø³Ø¨ØªÙƒ Ù…Ù† Ø§Ù„Ù…Ø¬Ù…Ø¹
staking.d2,TOPLAM STAKELENEN,TOTAL STAKED,ì´ ìŠ¤í…Œì´í‚¹ ëœ ìˆ˜ëŸ‰,Ø¥Ø¬Ù…Ø§Ù„ÙŠ Ø§Ù„Ø±Ù…ÙˆØ² Ø§Ù„Ù…Ø®Ø²Ù†Ø©
staking.e1,TAHMÄ°NÄ° Ã–DÃœLLER,ESTIMATED REWARDS,ì˜ˆìƒ ë³´ìƒ,Ø§Ù„Ù…ÙƒØ§ÙØ¢Øª Ø§Ù„Ù…Ù‚Ø¯Ø±Ø©
staking.e2,Ã–dÃ¼l oranÄ± dinamiktir,Rewards rate is dynamic,ë³´ìƒ ë¹„ìœ¨ì€ ë™ì ì…ë‹ˆë‹¤.,Ù…Ø¹Ø¯Ù„ Ø§Ù„Ù…ÙƒØ§ÙØ¢Øª Ø¯ÙŠÙ†Ø§Ù…ÙŠÙƒÙŠ
staking.e3,AylÄ±k = Ã–dÃ¼l % / 12,Monthly = Rewards % / 12,ì›”ë³„ = ë³´ìƒ % / 12,Ø´Ù‡Ø±ÙŠÙ‹Ø§ = Ù†Ø³Ø¨Ø© Ø§Ù„Ù…ÙƒØ§ÙØ¢Øª / Ù¡Ù¢
staking.e4,GÃ¼nlÃ¼k = Ã–dÃ¼l % / 365,Daily = Rewards % / 365,ì¼ë³„ = ë³´ìƒ % / 365,ÙŠÙˆÙ…ÙŠÙ‹Ø§ = Ù†Ø³Ø¨Ø© Ø§Ù„Ù…ÙƒØ§ÙØ¢Øª / Ù£Ù¦Ù¥
staking.f1,TOPLAM Ã–DÃœLLER,TOTAL REWARDS,ì´ ë³´ìƒ,Ø¥Ø¬Ù…Ø§Ù„ÙŠ Ø§Ù„Ù…ÙƒØ§ÙØ¢Øª
staking.f2,Ã–DÃœLLERÄ° TALEP ET,CLAIM REWARDS,ë³´ìƒ ìˆ˜ë ¹,Ø§Ù„Ù…Ø·Ø§Ù„Ø¨Ø© Ø¨Ø§Ù„Ù…ÙƒØ§ÙØ¢Øª
staking.f3,$GOCAR TALEP ET,CLAIM $GOCAR,$GOCAR ìˆ˜ë ¹,Ø§Ù„Ù…Ø·Ø§Ù„Ø¨Ø© Ø¨Ù€ $GOCAR
staking.f4,YukarÄ±da gÃ¶sterilen $GOCAR miktarÄ±nÄ± talep etmek Ã¼zeresiniz. Devam etmek istiyor musunuz?,You're about to claim the $GOCAR amount shown above. Would you like to proceed?,ìœ„ì— í‘œì‹œëœ $GOCAR ê¸ˆì•¡ì„ ìˆ˜ë ¹í•˜ë ¤ê³  í•©ë‹ˆë‹¤. ì§„í–‰í•˜ì‹œê² ìŠµë‹ˆê¹Œ?,Ø£Ù†Øª Ø¹Ù„Ù‰ ÙˆØ´Ùƒ Ø§Ù„Ù…Ø·Ø§Ù„Ø¨Ø© Ø¨ÙƒÙ…ÙŠØ© $GOCAR Ø§Ù„Ù…ÙˆØ¶Ø­Ø© Ø£Ø¹Ù„Ø§Ù‡. Ù‡Ù„ ØªØ±ØºØ¨ ÙÙŠ Ø§Ù„Ù…ØªØ§Ø¨Ø¹Ø©ØŸ
staking.f5,"Ã–deme talepleri, baÅŸvurunuzdan itibaren 3 gÃ¼n iÃ§inde iÅŸleme alÄ±nacaktÄ±r.",*Claims will be processed within 3 days of your request.,*ë³´ìƒ ì§€ê¸‰ì€ ì‹ ì²­ í›„ 3ì¼ ì´ë‚´ì— ì²˜ë¦¬ë©ë‹ˆë‹¤.,Ø³ÙŠØªÙ… Ù…Ø¹Ø§Ù„Ø¬Ø© Ø·Ù„Ø¨Ø§Øª Ø§Ù„Ù…Ø·Ø§Ù„Ø¨Ø© Ø®Ù„Ø§Ù„ Ù£ Ø£ÙŠØ§Ù… Ù…Ù† ØªØ§Ø±ÙŠØ® ØªÙ‚Ø¯ÙŠÙ… Ø§Ù„Ø·Ù„Ø¨.
submitAddress.title